fsq_id,poi_name,poi_category_id,poi_rating,poi_review_count,poi_latitude,poi_longitude,poi_address,postal_code,yelp_id,poi_id,poi_category
5dd2e5df0cd86e00081bd28b,1101 Convenience,13065,,,43.248628,-79.821565,1101 Cannon St E (Kensington),L8L 2J5,,RP1388,restaurants
4dbb3d3ef7b1ab37dd3fe8f9,2 For 1 Pizza and Wings,13065,,,43.245058,-79.807569,158 Kenilworth Ave N,L8H 4R8,,SY4399,restaurants
4f5e95a3e4b0253ade1e7454,241 Pizza,13065,,,43.250811,-79.851416,447 Main St E,L8N 1K1,,VX5752,restaurants
017dcad7abe249b50f10d5ed,31 Service Battalion Museum,10027,,,43.275168,-79.856177,650 Catharine St N,,,BE5356,museums
59907f940868a228a8f2c2f2,337 Sketch Gallery,10027,,,43.251192,-79.816572,327 Ottawa St N (Barton St E),L8H 3Z8,,AW7335,museums
538f7f38498e51998b970447,541 Eatery & Exchange,13065,,,43.258283,-79.842245,541 Barton St E,L8L 2Z2,,TS7590,restaurants
4f15019fe4b03f4c033e864c,8090 Teahouse,13065,,,43.255447,-79.864578,149 King St E,L8N 1B1,,EE6798,restaurants
4c9000a0352da1cdc4090eb2,A Cross the Roads,13065,,,43.24346,-79.822596,1123 Main St E,L8M 1P2,,YA3732,restaurants
4c76eaae947ca1cd65cc4537,A&W Restaurant,13065,,,43.250687,-79.807818,1275 Barton St E (Kenilworth Ave. N.),L8H 2V4,,WQ1532,restaurants
503544ede4b0cde75df3b149,A&W Restaurant,13065,,,43.262054,-79.857951,190 Barton St E,L8L 2W8,,UK8682,restaurants
4fe53cd6e4b0117428807583,A&W Restaurant,13065,,,43.25855,-79.875118,194 King St W,L8P 1A5,,MS3015,restaurants
60528026f7bc6a196fad47dd,A-1 Poutine & Wings,13065,,,43.241733,-79.815215,1279 Main St E (Graham Ave N),L8K 1B1,,RV7498,restaurants
4f8da6fae4b02aede09358bd,A1 BBQ,13065,,,43.240325,-79.808768,1435 Main St E,L8K 1C4,,JZ1874,restaurants
57d9deeb498ef546464d9abc,AMO Gelato Caffe,13065,,,43.255633,-79.885381,171 Locke St N,L8R 3B1,,VA0511,restaurants
534c6197498e2a0a588f0226,Aberdeen Tavern,13065,,,43.251479,-79.893532,432 Aberdeen Ave (Dundurn Street),L8P 2S2,,VB1022,restaurants
4c2541bd905a0f47613a6160,Aceti Pizzeria Spaghetti House & Tavern,13065,,,43.239638,-79.806057,1491 Main St E,L8K 1C9,,WC8784,restaurants
55f06107498ea65e27dc49c4,Aichi Japan,13065,,,43.258442,-79.869257,2 King St W (in Jackson Square),L8P 1A1,,YM2985,restaurants
4c48df8e20ab1b8dc18b0116,Ajio Sushi,13065,,,43.255299,-79.864321,161 King St E (Mary St),L8N 1B1,,SX5238,restaurants
4ebdf6c0f79074115ff582dd,Almizan Grill,13065,,,43.240591,-79.851221,578 Concession St,L8V 1B1,,LN8405,restaurants
0a7f2707fafd4d6c4c6a45bc,Amaral F,13065,,,43.262782,-79.866653,241 James St N,L8R 2L2,,BN6411,restaurants
5a209826c0cacb41127524fc,Amir Pita and Grill,13065,,,43.25501,-79.844799,114 Sanford Ave N,L8L 5Z2,,VT7306,restaurants
4be9b7fd61aca593dae58200,Andy's 2-4-1 Submarines,13065,,,43.248912,-79.805434,1342 Barton St E (at Kenilworth Ave N),L8H 2W3,,PF6292,restaurants
4bd219419854d13a53f2fa4d,Anytime Pizza,13065,,,43.263319,-79.901013,876 King St W (at Longwood Rd N),L8S 4S6,,YQ0959,restaurants
6423239ebfb4cb1c138964a3,Apllada Greek Fusion Restaurant,13065,,,43.252342,-79.849681,635 King St E,L8N 1E5,,TG7816,restaurants
4b54ef65f964a52006d427e3,Art Gallery of Hamilton,10027,,,43.257458,-79.87215,123 King St W (King St. and Bay St.),L8P 4S8,,FE2102,museums
4bafbe2bf964a520021d3ce3,Atlantic Submarines,13065,,,43.250576,-79.868993,212 John St S (Young Street),L8N 2C8,,TU4331,restaurants
255b17e05b544f7ad82e31d6,Atlantic Submarines,13065,,,43.251565,-79.83796,927 King St E,L8M 1B9,,RP6233,restaurants
4fc95be6e4b0be33aa56ebaa,BBQ Pizza,13065,,,43.242749,-79.819464,2 Ottawa St N,L8H 3Y7,,NH2186,restaurants
4bcea0cf29d4b713a3e9a8dc,Bangkok Spoon Deluxe,13065,,,43.266541,-79.956102,57 King St W (btw Millers Ln & Sydenham St) Dundas ON,L9H 1T5,,VX3900,restaurants
e6fadd599894499a51867acd,Banh Mi Hue,13065,,,43.261421,-79.869066,127 MacNab St N,L8R 2M2,,XC1256,restaurants
5865f4ed9398ab594084373c,Bar Sazerac,13065,,,43.263456,-79.865886,278 James St N,L8R 2L3,,OQ5101,restaurants
4c6587a8aebea593179870d0,Bar on Locke,13065,,,43.255604,-79.885747,178 Locke St S,L8P 4B3,,SV4339,restaurants
5df2da08b2d4a50008eace17,BarBurrito,13065,,,43.256928,-79.935121,1711 Main St W (Osler Dr.),L8S 1G5,,YT0022,restaurants
37b38884cd7341faabdf93f7,Barbers Restaurant Equip,13065,,,43.25344,-79.823718,927 Barton St E,L8L 3C4,,NS5303,restaurants
6133cb4e7bb7990060ff36c8,Barton Salumeria & Charcuterie,13065,,,43.260371,-79.850015,357 Barton St E,L8L 2X8,,HT7568,restaurants
519ff0e5498efb00c8a8cdc9,Barton Touchdown Pub,13065,,,43.25346,-79.824927,912 Barton St E,L8L 3C2,,EA1560,restaurants
37a51cd8177744332559f7c2,Barton Village Bia,13065,,,43.259137,-79.846422,448 Barton St E,L8L 2Y6,,KA8332,restaurants
4b719ee7f964a520a0512de3,Basilique,13065,,,43.261035,-79.907396,1065 King St W,L8S 1L8,,MY5569,restaurants
4e4e8f6b52b1e893ad4e0930,Bastoni's Shawarma & Grill,13065,,,43.258958,-79.876346,234 King St W (btwn Caroline St N & Hess St N),L8P 1A9,,QF8781,restaurants
4e330ba5e4cdf7a42ca239b3,Beasley House Bistro,13065,,,43.258205,-79.884658,96 Locke St S (at Jackson St W),L8P 4A4,,KB7021,restaurants
51156ce4e4b085b16920537a,Beijing Hut,13065,,,43.257442,-79.924173,1467 Main St W,L8S 1C9,,HI6580,restaurants
4cad2ae514c3370493ecf63b,Bella Pizza,13065,,,43.259379,-79.846185,455 Barton St E,L8L 2Y7,,TI5399,restaurants
4bad5ac6f964a52073493be3,Ben Thanh,13065,,,43.259718,-79.867943,113 James St N (James Street North And Vine Street),L8R 2K6,,XW9838,restaurants
91e5616345c04783da56f403,Best Coffee in Westdale-Hamilton,13065,,,43.262507,-79.905003,1004 King St W,L8S 1L1,,MJ0001,restaurants
5a7de01ed3cce83c8146bfa4,Betula Restaurant,13065,,,43.267966,-79.963674,225 King St E Dundas ON,L8N 1B6,,GI3085,restaurants
1df36d3ef8524fbc21b1fe52,Beverly Restaurant Inc,13065,,,43.253114,-79.886855,254 Locke St S,L8P 4B9,,PY1651,restaurants
dd70f592a7774755cb16b4ff,Beyond Pizza and Wings,13065,,,43.24796,-79.943281,1960 Main St W,L8S 4N5,,AW7748,restaurants
4d0502168620224b5911ac40,Big Top Family Restaurant,13065,,,43.247562,-79.839835,754 Main St E,L8M 1L1,,NS0978,restaurants
c66637d3a05e48d4f4dbda3e,Bikeables,13065,,,43.260726,-79.872287,103 Vine St,L8R 2B1,,EJ2239,restaurants
4bb47184842947aa5abb52a0,Binfica Sports Bar,13065,,,43.263595,-79.863359,61 Barton St E,L8L 2V7,,YS4502,restaurants
4e1e06f87d8bb284210333aa,Bitten,13065,,,43.254303,-79.885943,219 Locke St S,L8P 4B6,,CX2064,restaurants
54a48f20498ec5a0b5ac0b14,Black Sheep Snack Bar,13065,,,43.247797,-79.817809,187 Ottawa St N (Cannon),L8H 3Z4,,QI1603,restaurants
637a63d27f318c2b795ea428,Boardwalk Fries Burgers Shakes,13065,,,43.25683,-79.934224,1685 Main St W,L8S 1G5,,CC9551,restaurants
6175aaa820e8d16eaf9e458a,Bon Temps,13065,,,43.250863,-79.868902,61 Young St,L8N 1V1,,KD5851,restaurants
e5c7f5dc0c8a4a2414ae2f85,Bon Vivant Catering Inc,13065,,,43.293032,-79.887919,Spring Garden Rd Burlington ON,,,VR6817,restaurants
5a317ffc2e268066d3b84ea8,Boon Burger,13065,,,43.250449,-79.816771,295 Ottawa St N,L8H 3Z8,,GM6440,restaurants
57a9298c498e50ae5d176f70,Born and Raised,13065,,,43.262472,-79.866322,224 James St N,L8R 2L3,,QA3012,restaurants
4b6cb501f964a520de4d2ce3,Boston Pizza,13065,,,43.250609,-79.810308,1219 Barton St E (Kenilworth Ave. N.),L8H 2V4,,DY0141,restaurants
4bb832a87421a5937ca4c140,Boston Pizza,13065,,,43.257231,-79.927615,1563 Main St W (Cottrill St.),L8S 1E6,,FB7185,restaurants
4c7928133badb1f7dbf34d54,Breezy Corners,13065,,,43.262301,-79.895368,1480 6 Hwy N (Carlisle Rd),L8N 2Z7,,PJ3247,restaurants
4d25eafd5cc1a093705897be,Bridges Cafe,13065,,,43.262922,-79.921304,1280 Main St E,L8K 1A9,,RU8359,restaurants
6483be61b077763fa972dcbe,Bring Me Some,13065,,,43.240056,-79.848627,638 Concession Street,L8V 1B5,,PN8785,restaurants
5336b602498ed6460f95d49d,Brown Dog Coffee Shop,13065,,,43.254479,-79.885834,211 Locke St S,L8P 4B6,,AH2859,restaurants
4bcb9a570687ef3b351edecc,Brownie's Downtown,13065,,,43.254161,-79.860929,275 King St E,L8N 1B9,,ED0220,restaurants
4dee51c3b0fb43a756f0ee7a,Bruno's Pizza & Wings,13065,,,43.247771,-79.840751,718 Main St E (Sherman),L8M 1K9,,GW9424,restaurants
53ebee17498e796ff40c308c,Bryce's Fish N Chips,13065,,,43.244659,-79.818626,80 Ottawa St N,L8H 3Z1,,KR7121,restaurants
4d225d8ad7b0b1f728bc249f,Buddys Roadhouse,13065,,,43.240965,-79.822316,1360 King St E,L8M 1H5,,WL1928,restaurants
4beb091b62c0c928909de1d4,Bula Smoothie & Nutrition Bar,13065,,,43.261462,-79.907654,7 Sterling St,L8S 4H6,,WB5587,restaurants
d57c3e633f5847ff267fa710,Bulgogi BBQ Korean restaurant,13065,,,43.260818,-79.866738,15 Cannon St E,L8L 1Z6,,GO1088,restaurants
530d2546498eddd5e1174563,Buona Vita Pizza,13065,,,43.262126,-79.877346,82 Queen St N,L8R 2V4,,SN7094,restaurants
7f324d0b55404480aa917068,Burger King,13065,,,43.258327,-79.874384,172 King St W,L8P 1A5,,QY1774,restaurants
531b6d1b498eeddc4088b4a2,Burrito Bandidos,13065,,,43.261782,-79.90641,1028 King St W (Paisley Ave. N.),L8S 1L5,,PB7950,restaurants
631f6394b69e0917d5fa5292,Burrito Bandidos,13065,,,43.258966,-79.876255,228 King St W (Hess St. N.),L8P 1A9,,GD8483,restaurants
5af5e1977e4b4e003000a124,CIMA Enoteca,13065,,,43.255083,-79.885983,190 Locke St S,L8P 4B4,,BP1603,restaurants
5ca02f17dd12f8002c3cfcb1,Cafe Baffico,13065,,,43.241752,-79.822263,1375 King St E,L8M 1H6,,GB5213,restaurants
4c700a79f52cb713414eacaf,Cafe Limoncello,13065,,,43.248751,-79.817042,226 Ottawa St N,L8H 3Z6,,SY9530,restaurants
53bd98e5498eda5dc4d94c0f,Cafe N' Things,13065,,,43.263696,-79.864952,22 Barton St E (James St N),L8L 2V5,,PL8852,restaurants
5036724be4b001c520354587,Cafe Oranje,13065,,,43.253614,-79.860049,312 King St E (Wellington St),L8N 1C2,,LR5964,restaurants
3f7dbfd0520b420e5207d5f7,Cafe' Limoncello an Italian Eatery,13065,,,43.248699,-79.816987,226 Ottawa St N,L8H 3Z6,,GF4432,restaurants
4e4d0cfcd164e69742d2c95a,Cake and Loaf Bakery,13065,,,43.251924,-79.892124,321 Dundurn St S (Dundurn Street South),L8P 2M5,,KT7255,restaurants
6070b68de04d41a41cef9df8,Calipan,13065,,,43.248025,-79.817755,191 Ottawa St N,L8H 3Z4,,TJ0066,restaurants
4f7317f8e4b0782142bd2948,Canadian Football Hall of Fame,10027,,,43.255134,-79.872268,58 Jackson St W,L8P 1L4,,BZ0418,museums
4ef1daed0e617e29c65f76c9,Cannon Coffee Co,13065,,,43.24768,-79.817882,179 Ottawa St N (Cannon Street),L8H 3Z4,,JW6889,restaurants
5635c595498e26546618cb23,Capri Family Restaurant,13065,,,43.256652,-79.866358,25 John St N,L8R 1H1,,NU6176,restaurants
4c7983b397028cfa8c6edbfe,Caribbean & Canadian food restaurant,13065,,,43.238134,-79.836624,952 Concession (Upper Gage),,,NZ5455,restaurants
50354ea3e4b084f7d8bade4d,Caribbean Canadian Fast Food,13065,,,43.24077,-79.851807,568 Concession St,L8V 1B1,,MD8665,restaurants
e5ed2d3b6b6b41bb227d2cb7,Caribbean Canadian Fast Food,13065,,,43.236821,-79.835523,954 Concession St,L8V 1G2,,QS1358,restaurants
56a3bcc1498e42e6063c14ff,Caribbean Flavah,13065,,,43.258345,-79.911065,1122 Main St W (Cline Avenue South),L8S 1C1,,OM6353,restaurants
5b63f1cde1f228002c38eddb,Caribbean Vibe,13065,,,43.248694,-79.829456,1127 King St E,L8M 1E5,,KF4509,restaurants
5aa5c1e5a9e40267b354ada3,Caro Restaurant & Bar,13065,,,43.242691,-79.819501,4 Ottawa St N (Main St E),L8H 3Y7,,LS2996,restaurants
1720ff9a1b354dce879846f3,Castelli Cucina,13065,,,43.26481,-79.865743,337 James St N,L8L 1H3,,EB3569,restaurants
4b5a9368f964a52019cc28e3,Cat 'N' Fiddle,13065,,,43.251502,-79.868593,174 John St S (Augusta St),L8N 2C6,,HA4416,restaurants
4b9c1158f964a520c64636e3,Cedar Falafel Donair,13065,,,43.257567,-79.918955,1335 Main St W,L8S 1C6,,KS9755,restaurants
4d59b50156f2b60cfbf77b2f,Cedars,13065,,,43.257366,-79.920822,1355 Main St E,L8K 1B6,,UM0905,restaurants
4eadcc8802d5cf33fa947ceb,Chan's Chinese Restaurant,13065,,,43.265991,-79.950953,49 1/2 King St E (York St.) Dundas ON,L9H 1B7,,VH4918,restaurants
520e97ce498e3ee7817abaf4,Charred,13065,,,43.262759,-79.866231,244 James St N (btwn Robert St & Colbourne St),L8R 2L3,,FI5995,restaurants
4b53cefdf964a52005ac27e3,Che Burrito & Lounge,13065,,,43.257993,-79.877991,38 Hess St S (Main Street West),L8P 3N1,,MM5852,restaurants
5d3a1d45738217000833e31f,Cherry Birch General,13065,,,43.254756,-79.862653,219 King St E,L8N 1B6,,RR4869,restaurants
9c74868f40f044f675b1ddf9,Chester's Fried Chicken,13065,,,43.253869,-79.881419,180 Queen St N,L8R 2W1,,VJ3096,restaurants
63683d97daeb7f1ee11cf726,Chicken Plus,13065,,,43.25953,-79.866752,1 Wilson St,L8R 1C4,,KC2300,restaurants
a49180b610ee423514646ed1,China City Restaurant,13065,,,43.250087,-79.828068,49 Gage Ave S,L8M 3C8,,FN4754,restaurants
4562ed28cb9a432478dff6f6,Chinese BBQ Zone,13065,,,43.259502,-79.867118,1 Wilson St,L8R 1C4,,RM4460,restaurants
a5e6de69975849369e63e2ad,Cho Sun Ok Korean BBQ Restaurant,13065,,,43.26198,-79.877785,85 Queen St N,L8R 2V5,,YJ3991,restaurants
60f8a82ca2148b05a7c2d80d,Chung Chun Rice Hotdog,13065,,,43.261188,-79.906865,1051 King St W,L8S 1L6,,IZ6343,restaurants
4d24b679daa9370412eec781,Churrasqueira & Cafe Cantinho,13065,,,43.260726,-79.852672,302 Barton St E,L8L 2X5,,FE8645,restaurants
4c993353a004a1cd14af3d6e,City Pizza & Wings,13065,,,43.25004,-79.847623,581 Main St E,L8M 1H9,,AU2556,restaurants
2e9860a54a7146dc34bf1ccf,City of Waterfalls Festivals and Events Inc,10001,,,43.258807,-79.840524,Gd Stn Lcd 1,L8L 7T4,,RI5096,amusementparks
4c9ebb0d7c096dcbd166d8d1,Classic Cafe,13065,,,43.262413,-79.866358,224 James St N,L8R 2L3,,EV1988,restaurants
4af9ae03f964a520481322e3,Collins Brewhouse,13065,,,43.266392,-79.955149,33 King St W (btwn Sydenham Rd and Cross St) Dundas ON,L9H 1T5,,JQ1470,restaurants
49bc6fa47733454efb1041a3,Com Tan Lac Vien,13065,,,43.265382,-79.880819,430 York Blvd,L8R 3K8,,YA7928,restaurants
bba7a8a8b18d4bd8281b2a94,Concession Pizza,13065,,,43.240636,-79.851368,576 Concession St,L8V 1B1,,SA3636,restaurants
4d26ebe36e27a14345c50924,Connaught Fish & Chips,13065,,,43.244989,-79.830363,976 Main St E (Gage Ave),L8M 1M8,,DD7091,restaurants
63c1a2ff3e61ee33b8f488f1,Conversate steak and seafood,13065,,,43.256697,-79.866504,38 William St (John St. N.),L8L 5T7,,OL0613,restaurants
8cd5eadba5614d8443828c85,Cookie DOH,13065,,,43.266046,-79.955275,24 King St W Dundas ON,L9H 1T7,,CD7289,restaurants
bc28687ecfa4498f771d9ca2,Cool Like That Restaurant,13065,,,43.236769,-79.835468,954 Concession St,L8V 1G2,,CM1575,restaurants
579b8d6b498ea8f02d7fc402,Coop Hamilton,13065,,,43.259153,-79.877446,274 King St W,L8P 1J6,,KK9783,restaurants
4c184919834e2d7f17be2880,Corktown,13065,,,43.25891,-79.838455,200 Forest Ave,L8N 4E6,,ST4726,restaurants
505cfaeae4b0478c0a01bba4,Corner Tea House & Asian Bistro,13065,,,43.256711,-79.866321,29 John St N (King William St),L8R 1H1,,DF4291,restaurants
5b7da2a51ffe97002cb5b180,Country Style,13065,,,43.257728,-79.841456,564 Barton St E,L8L 2Z3,,CL2248,restaurants
4e9ed765775b7e725b844463,Country Style,13065,,,43.255439,-79.873386,71 Main St W (Bay Street),L8P 4Y5,,WB7003,restaurants
5a0df2279f0942136c661fdb,Cravings,13065,,,43.25718,-79.93331,1686 Main St W,L8S 0A2,,ML4953,restaurants
5c2d17dcf62e09002c5232eb,Crown Point Sandwhich,13065,,,43.247663,-79.81737,186 Ottawa St N,L8H 3Z5,,FT5924,restaurants
5cba0b96286fda00397348dc,Crumbled,13065,,,43.260624,-79.851078,339 Barton St E,L8L 2X6,,SM4261,restaurants
42bc5cd295eb4b34b60166e2,Crumbuns Bakeshop,13065,,,43.238257,-79.842299,566 Concession St,L8V 1B1,,FP2544,restaurants
4b8a9f8bf964a520d07532e3,Crystal Dynasty Chinese Restaurant,13065,,,43.261938,-79.871796,94 Cannon St W (Bay),L8R 2B6,,AE9095,restaurants
09181f5c0ef94a7b7f309eda,Culantro Peruvian Cookery,13065,,,43.250131,-79.848612,537 Main St E,L8M 1H9,,DX1401,restaurants
4e380de71838d056d2786123,Cupcake Diner,13065,,,43.259034,-79.870285,35 York Blvd,L8R 3K7,,PG6232,restaurants
4b9fe09df964a520c54637e3,Cupcakes,13065,,,43.261608,-79.907215,1050 King St W,L8S 1L5,,PU1292,restaurants
5557715d498e63ff898f0e2b,Curbside Grill,13065,,,43.248751,-79.817042,224 Ottawa St N,L8H 3Z6,,DV6559,restaurants
5ced96f6c4df1d002c2fd273,D C's Variety & Subs,13065,,,43.268156,-79.841869,540 1/2 Wentworth St N,L8L 5X3,,PU4838,restaurants
4b65105df964a52042e22ae3,D's Cafe,13065,,,43.261945,-79.871705,94 Cannon St W,L8R 2B6,,WQ0991,restaurants
9ed52758870945ac34a6d333,De Rosa Bakery,13065,,,43.253881,-79.845675,549 Wilson St,L8L 1T6,,GP7170,restaurants
4c068792517d0f47a91ef615,DeRosa Bakery and Restaurant,13065,,,43.253411,-79.845967,71 Sanford Ave N,L8L 5Y9,,OI6190,restaurants
6927a31da9b248f1cebd53af,Debbie's Fish and Chips,13065,,,43.261889,-79.85936,150 Barton St E,L8L 2W5,,DK9169,restaurants
51d75f4e498ef5f34b71c700,Delirious Burger Co,13065,,,43.262405,-79.905588,1008 King St W,L8S 1L4,,NL0732,restaurants
5aa40afc79f6c75d6ee4bd7d,Delirious Burger Co,13065,,,43.254883,-79.885671,197 Locke St S,L8P 4B5,,YR9238,restaurants
522c798311d2d05dcc962383,Democracy,13065,,,43.254737,-79.88611,202 Locke St S (Tuckett St.),L8P 4B4,,VO3616,restaurants
f269a7d50c764bf3e5bd8bf4,Dengi's Kitchen,13065,,,43.252714,-79.85285,535 King St E,L8N 1E3,,LZ3573,restaurants
4d376a3515993704d9d3ae91,Detour Roaster's Cafe,13065,,,43.266194,-79.955532,41B King St W (Miller's Line) Dundas ON,L9H 1T5,,LQ7736,restaurants
57e2b71b498e2013c1b4a746,Diamantinos Pizza,13065,,,43.260573,-79.851023,341 Barton St E,L8L 2X6,,IO6404,restaurants
52a1447a11d21f017e3a4b8e,Diana's Pizza & Grill,13065,,,43.248307,-79.80677,263 Kenilworth Ave N,L8H 4S6,,QP5115,restaurants
4b6e4350f964a520f8b42ce3,Dizzy Weasel Pub & Grub,13065,,,43.25346,-79.824927,912 Barton St E,L8L 3C2,,JG7446,restaurants
577d35ee498ec0fb574ff1b7,Domino's Pizza,13065,,,43.23978,-79.808584,1440 Main St E,L8K 6M3,,EB5070,restaurants
c5b20792878dbe34a57fbda9,Domino's Pizza,13065,,,43.263811,-79.866363,275 James St N,L8R 2L4,,FR3733,restaurants
4de00572c65bcc724f348c8a,Domino's Pizza,13065,,,43.26267,-79.952657,86 Main St (Osler Dr) Dundas ON,L9H 2R1,,MC6348,restaurants
4e71396c8877dff6bcb79032,Donairs at Gage,13065,,,43.248746,-79.829511,1127 King St E,L8M 1E5,,BU6457,restaurants
5a63671797cf5a4b8c7829b5,Donut Monster,13065,,,43.253231,-79.886782,246 Locke St S,L8P 4B9,,MU9237,restaurants
4b4c0ed0f964a520bead26e3,Doors Pub & Pizzeria,13065,,,43.257353,-79.8783,56 Hess St S (at Main St),L8P 3N3,,NG0767,restaurants
4c700889f52cb7134b41acaf,Dora's Delicatessen & Catering,13065,,,43.248575,-79.817152,218 Ottawa St N,L8H 3Z6,,GG1675,restaurants
4bac1722f964a52095e33ae3,Double Double Pizza & Chicken,13065,,,43.250127,-79.86901,225 John St S (Forest),L8N 2C7,,BF8713,restaurants
5ccb43e004d1ae002c093e13,DoughBox Wood Fired Pizza & Pasta,13065,,,43.257484,-79.923624,1457 Main St. W. (Norfolk St. S.),L8S 1C9,,LV8429,restaurants
6129361aa0fd8419fff8e49f,Down the Street Food Co,13065,,,43.248319,-79.817572,205 Ottawa St N (Britannia Ave),L8H 3Z4,,DY9004,restaurants
4daa2bd793a04642f07a1c2b,Dragon Court Restaurant,13065,,,43.262594,-79.9046,988 King St W,L8S 1L1,,HQ0008,restaurants
4ae0bf6e0717476646c0b41b,Duke's Pub Pasta & Pizzeria,13065,,,43.261057,-79.852728,303 Barton St E,L8L 2X4,,KG2068,restaurants
4bfc180fda7120a1cc8f49fd,Dunas Verdes Cafe Inc,13065,,,43.263017,-79.866507,253 James St N,L8R 2L2,,UR4685,restaurants
31e5f5bd82eb48e84d94c849,Dundas Historical Society Museum,10027,,,43.268132,-79.959389,139 Park St W Dundas ON,L9H 1X8,,WC5091,museums
4f845cdbe4b08b03b0864a99,Dundas Museum & Archives,10027,,,43.268294,-79.959463,139 Park St W Dundas ON,L9H 1X8,,HG9637,museums
5a88ed06bd40091eb2c79e91,Dundas Shawarma,13065,,,43.26556,-79.952177,24 King St E Dundas ON,L9H 1B8,,VL0699,restaurants
4b867b25f964a520fc8b31e3,Dundurn Castle,10027,,,43.26944,-79.88468,610 York Blvd,L8R 3H1,,YQ9246,museums
559a95b2498e20cc6dfecb89,Dundurn Market,13065,,,43.251301,-79.892945,346 Dundurn St S (Aberdeen Avenue),L8P 4L6,,HS1044,restaurants
44d812a3ded1455c046957d0,E23,13065,,,43.240516,-79.850745,590 Concession St,,,BK4348,restaurants
5183f743e4b0f34b0dd360cb,Earth Shake,13065,,,43.266789,-79.957953,103 King St E Dundas ON,L9H 1B9,,GQ4051,restaurants
4c6da40ea437224b65aa2db1,Earth to Table Bread Bar,13065,,,43.252827,-79.886945,258 Locke St S (Herkimer St.),L8P 4B9,,GM5550,restaurants
5d09774d7b0b520023ff166e,Earth to Table: Bread Bar James,13065,,,43.257056,-79.868374,14 James St N (King St),L8R 2J9,,QT3147,restaurants
4bb37ca2715eef3b036386bb,East Side Mario's,13065,,,43.259802,-79.84723,Queenston Rd (Greenford Dr.),,,OY6977,restaurants
4bc8db1268f976b020215c83,East Side Mario's Dundas,13065,,,43.258387,-79.941538,119 Osler Dr Dundas ON,L9H 6X4,,SW6360,restaurants
5688080b498ef6dccacdba77,Eat Industries,13065,,,43.258975,-79.870321,55 York Blvd,L8R 3K1,,CL9338,restaurants
4b7f7489f964a5207e2f30e3,Eat a Pita,13065,,,43.240199,-79.810415,15 Tuxedo Ave S,L8K 2R7,,MF8624,restaurants
5ab4ee917918711d1be64252,Emerald Coffee Co,13065,,,43.260331,-79.851261,340 Barton St E (Emerald),L8L 2X7,,FS3490,restaurants
4f3dcca5e4b01fd85845eaf1,Emerson 109,13065,,,43.25446,-79.92079,109 Emerson St (at Ward Ave),L8S 2X5,,YW7188,restaurants
4bd22ccecaff95217c44d2f0,Emilio's,13065,,,43.266857,-79.958521,117 King St E (btw Albert St & Sydenham St) Dundas ON,L8N 1A9,,OS8127,restaurants
4c030b8739d476b080a02fa7,Empress Wok Chinese Restaurant,13065,,,43.257618,-79.942798,101 Osler Dr Dundas ON,L9H 4H4,,DO6800,restaurants
4ba42910f964a520bc8738e3,End Zone Bar and Grill,13065,,,43.230836,-79.807083,1900 King St E (King and Rosedale),L8K 1W1,,SR9902,restaurants
21f1570f17664fd780833d96,Enercare Connections Inc,13065,,,43.251518,-79.875643,85 Robinson St,L8P 0B9,,CT5135,restaurants
4ed82c3246907c1b3ff8dbc1,Eng's Chinese Restaurant,13065,,,43.240345,-79.850067,606 Concession St (between 23rd & 24th st),L8V 1B3,,IC2798,restaurants
44034f5c15b84d8f7aeedd61,Escape Manor Hamilton,13065,,,43.255952,-79.866008,103 King St E,L8N 1A9,,WB3313,restaurants
593444759ec39910e490baa7,Esplanada Cafe Restaurant,13065,,,43.259677,-79.847395,419 Barton St E,L8L 2Y5,,EE7588,restaurants
4ba50b2ef964a520d5d438e3,Espresso Cafe,13065,,,43.266465,-79.957805,102 King St W Dundas ON,L9H 1T9,,NH7710,restaurants
a5f213897c1f4e87862e954c,Evia's Fast Food,13065,,,43.248746,-79.829511,1127 King St E,L8M 1E5,,LC2392,restaurants
34d7109889944d26127a03a0,Express Pizza,13065,,,43.241029,-79.811991,1357 Main St E,L8K 1B6,,LN0613,restaurants
9c1c518912434dc3174f26c5,Famous Recipe Chicken & Grill,13065,,,43.252714,-79.85285,535 King St E,,,CY1490,restaurants
62279153676d027d888c9c70,Fat Bastard Burrito Co,13065,,,43.257428,-79.94309,101 Osler Dr Dundas ON,L9H 4H4,,OL0096,restaurants
6440d4ee8b2c160224c97c07,Fat Bastard Burrito Co,13065,,,43.2423,-79.855913,447 Concession St,L9A 1C1,,CY8134,restaurants
61abc245a6ae37435d224290,Festival Foods,13065,,,43.250539,-79.833105,1013 King St E (Spadina),L8M 1C9,,GI6921,restaurants
4eb315409a52547686855c0f,Finger's Bar & Grill,13065,,,43.255691,-79.867215,62 King St E,L8N 1A6,,GQ5130,restaurants
573d2057cd108c13e149ac1d,Firth's Celtic Pub,13065,,,43.241197,-79.876028,543 Upper James St,L9C 2Y5,,MA4365,restaurants
4de3b557d4c0704405898320,Fisher's Pier 4 Pub & Grub,13065,,,43.271443,-79.862413,554 James St N,L8L 1J5,,TW9550,restaurants
63a483998d40f676fee2581a,Fisticuffs,13065,,,43.260975,-79.852343,301 Barton St E,L8L 2X4,,PD9011,restaurants
1217bf9488eb48726b5a0510,Five Star Cafe,13065,,,43.262444,-79.866688,225 James St N,L8R 2L2,,SA9459,restaurants
4f038c42823162ada5e6cb8e,Food Box Ltd,13065,,,43.245587,-79.80724,180 Kenilworth Ave N (Cannon St),L8H 4S1,,AU8951,restaurants
225266e2044a4775f7a24dea,Forbidden City Restaurant,13065,,,43.254258,-79.861131,273 King St E,L8N 1B9,,MF5144,restaurants
4c2a802b8abca5938bc6fe1f,Forty Thieves Cafe,13065,,,43.257429,-79.925052,1481 Main St W,L8S 1E1,,KX8287,restaurants
0e670c3d22f243167c3756fa,Fragoso Seafood Place,13065,,,43.261057,-79.852728,293 Barton St E,L8L 2X4,,TX6222,restaurants
55c9bbe31eab468ff220eb8c,Frankie Lantra,13065,,,43.257727,-79.931316,1630 Main St W,L8S 1G3,,AM2208,restaurants
5911c37da0215b4dc00f0b33,French Confection,13065,,,43.259547,-79.867265,1 Wilson St (James St N),L8R 1C4,,ZV8919,restaurants
5cf2dc7700b068002dbe11db,French Revolution Bakery and Creperie,13065,,,43.265845,-79.954267,2 King St W Dundas ON,L9H 6Z1,,BH8577,restaurants
5f315c7ee1f22c6c2b0238f4,Freshii,13065,,,43.257708,-79.942922,101 Osler Dr Dundas ON,L9H 4H4,,GY7352,restaurants
702f7746d89d4a15cb4e2c7f,Friends of HMCS Haida,10027,,,43.275213,-79.856324,650 Catharine St N,L8L 4V7,,ZS3367,museums
4f14713de4b07e9ecd69ac7c,Frosty's Fish and Chips,13065,,,43.266698,-79.959839,142 King St W Dundas ON,L9H 1V2,,WO4515,restaurants
4e5e6c68ae60a1cb36dde924,Galley Pump,13065,,,43.262919,-79.84451,365 Wentworth St N,L8L 5W4,,ZR7330,restaurants
4bbfbf8bf8219c743991b010,Gate of India,13065,,,43.261981,-79.866888,201 James St N,L8R 2L2,,EH8158,restaurants
41332c7b74e74ec8ec27f731,General Pizza & Wings,13065,,,43.261024,-79.853882,274 Barton St E,L8L 2X3,,TA9180,restaurants
e9745ebfd23242c8d0e1f80d,George Hamilton Restaurant,13065,,,43.258141,-79.873889,Corner of Bay and King St,,,HY1023,restaurants
2656bd1b11c94396f376c4b2,Germania Club Banquet Centre,13065,,,43.251471,-79.840633,863 King St E,L8M 1B5,,CN8321,restaurants
51318b86e4b063788c116aae,Get Together Bar & Grill,13065,,,43.248072,-79.806916,253 Kenilworth Ave N,L8H 4S6,,YB0289,restaurants
4ccbb35c7c2ff04d3860947e,Ghosts of the Custom House,10027,,,43.266302,-79.867433,51 Stuart St,L8L 1B5,,SS1979,museums
4be9ea45415e20a13574e4bb,Gina's Place,13065,,,43.238161,-79.842098,798 Concession St,L8V 1C9,,DL7817,restaurants
4cb3576ec5e6a1cd9d11ecf6,Gino's Pizza,13065,,,43.25066,-79.814025,1142 Barton St E (Fraser Ave.),L8H 2V1,,EX8276,restaurants
4c2566e25c5ca593f46e44fe,Gino's Pizza,13065,,,43.257292,-79.918166,1309 Main St W (at Broadway Ave),L8S 1C5,,TW2497,restaurants
4cd57a4576ab721e6c436d6a,Gino's Pizza,13065,,,43.256755,-79.868647,7 King St E (James),L8N 1A1,,EU2482,restaurants
55eacb33498eb0d6fbe96bb9,Giuseppe's Italian Cuisine & Pizza,13065,,,43.251383,-79.844698,762 King St E,L8M 1A6,,WC3038,restaurants
4cc8ec6bf1cd95213b009c0f,Gladstone Tavern,13065,,,43.240699,-79.810453,1385 Main St E (Kenilworth),L8K 1B9,,JX1514,restaurants
9a72ed07510f492ad45ff696,Go Internet Cafe,13065,,,43.26558,-79.951207,10 King St W Dundas ON,L9H 1T7,,DC1744,restaurants
5de40f13449eb7000821d46b,Great Wall Restaurant,13065,,,43.246139,-79.807333,190 Kenilworth Ave N,L8H 4S2,,VO6858,restaurants
f91a34051ca5443e12e15eab,HFC,13065,,,43.24033,-79.85025,600 Concession St,L8V 1B3,,NI1460,restaurants
4b9f9cc9f964a520dd2e37e3,HMCS Haida National Historic Site,10027,,,43.275168,-79.856177,658 Catharine St N Pier (at Pier 9),L8L 4V7,,MI2781,museums
5d058130135b39002ca12ac6,Halibut House,13065,,,43.261362,-79.889413,50 Dundurn St S,L8P 4W3,,VY0231,restaurants
8554cc3b1f4447a9bde48b5e,Halton Region Museum,10027,,,43.2552,-79.869961,RR 3 Stn Main Milton ON,L9T 2X7,,FI7048,museums
58c56911d772f94d5dac0780,Hambrgr,13065,,,43.248363,-79.817719,207 Ottawa St N,L8H 3Z4,,YL7939,restaurants
563694c3498e6c1e180a2b03,Hambrgr,13065,,,43.257213,-79.867056,49 King William St,L8R 1A2,,FE3185,restaurants
4be2ea0bd27a20a1f4a7905b,Hamilton Air Force Association,13065,,,43.266642,-79.944014,128 King St E Dundas ON,L9H 1V2,,IU2111,restaurants
4d2805ac8292236ae39a15bb,Hamilton BBQ Place,13065,,,43.262236,-79.877365,82 Queen St N,L8R 2V4,,MS7974,restaurants
4da07abac41ca1431f9749a3,Hamilton Children's Museum,10027,,,43.243611,-79.825727,1072 Main St E,L8M 1N6,,GO3693,museums
4bd0dbe5462cb7139246d907,Hamilton Club,13065,,,43.255183,-79.869448,6 Main St E (James Street),L8N 1E8,,EB1595,restaurants
63345a0e8b93f835f5ad20cd,Hamilton Dabbawala,13065,,,43.24755,-79.816655,1229 Cannon St E (Ottawa St N),L8H 1T8,,HA0467,restaurants
4ce744329f776ea8fe105722,Hamilton Indoor Go Karts,10001,,,43.254162,-79.823793,193 Cavell Ave,L8L 8C9,,UK3003,amusementparks
e42bfe831fdb48f2b3b9bcd4,Hamilton Market,10027,,,43.259138,-79.870395,55 York Blvd,L8R 3K1,,RE6446,museums
f8980272e93342c44ae1c65f,Hamilton Military Museum,10027,,,43.268154,-79.884767,610 York Blvd,L9C 3J8,,DW3754,museums
5043cc13e4b0af4f73d6b442,Hamilton Waterfront Trolley,10027,,,43.276538,-79.860908,47 Discovery Dr,L8L 8B4,,IF3983,museums
59bc7c8e70226cdf6726c619,Hammer Town Subs,13065,,,43.246043,-79.826832,1218 King St E,L8M 1G5,,UZ1822,restaurants
58d3f264ccce31265d53f4a2,Hammer Town Subs,13065,,,43.254079,-79.867082,65 John St S,L8N 2B9,,AN3430,restaurants
5ce42f463ba767002c17ed6d,Hammerhead's on Ottawa,13065,,,43.244659,-79.818626,80 Ottawa St N,L8H 3Z1,,VJ1158,restaurants
4c5c60edd25320a18407c37a,Happy Hourz Pub,13065,,,43.259965,-79.869097,94 MacNab St N (MacNab St),L8R 2L8,,ZL9242,restaurants
216e4de2585a4403e6f5a9bd,Harvey Park,13065,,,43.274942,-79.888145,York Blvd,,,LX4587,restaurants
4bad451bf964a5203a403be3,Harvey's,13065,,,43.250069,-79.811516,1200 Barton St E,L8H 2V7,,JA4206,restaurants
304c40c402af4f2bf2ec0a07,Harvey's,13065,,,43.257421,-79.892639,135 Fennell Ave W,L9C 0E5,,IA5037,restaurants
293a0e61e4af48471d92b7bd,Harvey's,13065,,,43.25945,-79.873601,55 Bay St N,L8R 3P7,,LJ8512,restaurants
74a2f0b2cdc141b350c99859,Heal,13065,,,43.240584,-79.851313,584 Concession St,L8V 1B1,,HY4357,restaurants
4c350698213c2d7f4b81395d,Heart of the Hammer Cafe,13065,,,43.251438,-79.837428,937 King St E (King and Sherman),L8M 1B9,,RJ7304,restaurants
5463a27a498e7f1d294987f0,Heritage Burgers,13065,,,43.257429,-79.925052,1481 Main St W (Main St W & Thorndale),L8S 1E1,,ZJ1502,restaurants
5129a07af31cfcc123037ef7,Hess Village Pizza & Wings,13065,,,43.258079,-79.879768,54 Queen St S,L8P 3R5,,RP7525,restaurants
4de9b9701f6e3ddebdba024f,Hi-Line Centre Pizza & Wings,13065,,,43.247646,-79.828538,1150 King St E (Gage),L8M 1E8,,TE4263,restaurants
e390e7ae811d47226cc6c050,Ho Model Engineers Society - Homes Club Model Ra ilway & Museum,10027,,,43.264768,-79.843013,460 Wentworth St N,L8L 5W8,,ZS3692,museums
61b69808364c434340e2712f,Home Twon Cafe,13065,,,43.257916,-79.855026,281 Cannon St E,L8L 2B4,,LO1371,restaurants
576f1189498ec0ae7e219fb7,Homestead Bar & Grill,13065,,,43.252359,-79.850194,627 King St E,L8N 1E5,,WF0373,restaurants
4cf037028333224bc8c8028e,Homestead Fish & Chips,13065,,,43.245448,-79.807588,180A Kenilworth Ave N,L8H 4S1,,MX5392,restaurants
5e473b3f5105fb0008930dbc,Hot Stone Pizza and Shawarma,13065,,,43.258267,-79.843911,524 Barton St E,L8L 2Y8,,ZB3971,restaurants
347bbfd721ad4ea04877422f,Hot Tub Wine Machine,13065,,,43.240159,-79.80582,24 Barons Ave N,L8H 5A2,,WX7693,restaurants
5e39d26489250b0008b90079,Hotopia,13065,,,43.260908,-79.882983,468 King St W,L8P 1B7,,PP2352,restaurants
4b5f35bff964a52086ad29e3,Hoya Sushi,13065,,,43.255299,-79.864321,161 King St E,L8N 1B1,,JM7545,restaurants
4c014ecef7ab0f478fda15b6,Hutch's Harbour Front,13065,,,43.267592,-79.868115,325 Bay St N,L8L 1M5,,LD8659,restaurants
4d1277fe2e5837043e3ee4d1,Il Fiasco,13065,,,43.255604,-79.885747,182 Locke St S,L8P 4B3,,NY9772,restaurants
545a5172498eac0b6582a0ce,Il Fiasco Cafe & Wine Bar,13065,,,43.265793,-79.954212,2 King St E Dundas ON,L9H 1B8,,UH4365,restaurants
3701f88dedba497a18119b41,In Your Kitchen,13065,,,43.251568,-79.843013,811 King St E,,,BB0296,restaurants
4f50fc55e4b0390b958b51db,India Village Restaurant,13065,,,43.266465,-79.957805,100 King St W Dundas ON,L9H 1T9,,LO1592,restaurants
6469f9561ca24d5932d6cea4,International Fish Market,13065,,,43.261981,-79.866888,205 James St N,L8R 2L2,,TC7672,restaurants
4dffeec1d4c080823b63c2af,Internet Cafe,13065,,,43.256563,-79.866065,26 John St N,L8R 1G9,,KI7382,restaurants
4ccf26b26449a0932936c3cf,Ipho,13065,,,43.257206,-79.869326,2 King St W (James),L8P 1A1,,NU3263,restaurants
fba4524e60dd473879eccd66,Ippolito Fruit & Produce Ltd,13065,,,43.268637,-79.85308,472 Wellington St N,L8L 5B3,,PQ0798,restaurants
4b240902f964a520955f24e3,Irene and Gemmas Filipino Take-Out,13065,,,43.253421,-79.857466,401 King St E,L8N 1C4,,CJ7616,restaurants
5436c40b498eaa25254aea14,Island Carribbean Takeout & Catering,13065,,,43.258578,-79.876931,228 King St W,L8P 1A9,,RC9451,restaurants
4ea5f55249015fc80b070c0b,Island Stars,13065,,,43.257213,-79.867056,47 King William St,L8R 1A2,,VP9474,restaurants
c54be208be944bb2868084a7,Islands Caribbean Take Out,13065,,,43.258803,-79.876181,228 King St W,L8P 1A9,,UR5452,restaurants
5033ba0be4b0412b102ecf2e,Italy's Corner Cafe & Catering,13065,,,43.259532,-79.829611,269 Lottridge St,L8L 6W2,,KM8659,restaurants
4dec59b718386283a4164d8d,Jack's Roadhouse,13065,,,43.238168,-79.842006,798 Concession St,L8V 1C9,,HI6612,restaurants
5844c33d8ae36321db15b745,Jax Bar & Grill,13065,,,43.249934,-79.848996,532 Main St E (Wentworth),L8M 1J1,,PA2172,restaurants
54f71e06498ecf7b6120dac3,Jax Sweet Shoppe,13065,,,43.266451,-79.955113,33 King St W Dundas ON,L9H 1T5,,XI4511,restaurants
53a90b76498e838bfdfb1d50,Jennifer Blaak Photography,13065,,,43.246524,-79.823482,74 Belmont Ave,L8L 7M1,,JK8399,restaurants
52ed7b9c11d227fbc9a5d5b2,Jet Banquet Hall,13065,,,43.255534,-79.832879,746 Barton St E,L8L 3B1,,RM7814,restaurants
4b84e32bf964a520a74631e3,Jet Cafe,13065,,,43.254789,-79.863678,184 King St E,L8N 1B4,,AC2610,restaurants
578e5da3498e24eb117e8acc,Jet Diner,13065,,,43.248838,-79.842878,675 Main St E (Holton),L8M 1K1,,DI9879,restaurants
4c02e1ec310fc9b6ec24c561,Jimmy Gringo's Burrito Factory,13065,,,43.262471,-79.90546,1008 King St W (at Marion St),L8S 1L4,,HX8399,restaurants
52b5ff54498ee0924e6ce866,John Street Diner,13065,,,43.256711,-79.866321,29 John St N (King William),L8R 1H1,,VY6440,restaurants
eb98ae7172644d2a5d94f4dc,Jordan's,13065,,,43.239153,-79.804354,1521 Main St E,L8K 1E4,,QH3010,restaurants
4f99d1dde4b0193ad5f8a23a,Joy Inn Restaurant & Tavern,13065,,,43.244652,-79.818718,74 Ottawa St N,L8H 3Z1,,NY9139,restaurants
4c09958fbbc676b0527f48d5,Joya Restaurant,13065,,,43.257727,-79.931316,1630 Main St W,L8S 1G3,,SN3801,restaurants
e94af948dac7477fd9c9366e,Julia's Fresh Poultry,13065,,,43.259152,-79.870212,55 York Blvd,L8R 3K1,,KC3426,restaurants
99bc75b948be452ff1455d62,Katherine's Custom Catering,13065,,,43.249361,-79.8368,55 Fairholt Rd S,L8M 2T5,,NK5213,restaurants
cba675c32cfe411fccfd52a1,Khyber Restaurant Inc,13065,,,43.255909,-79.85784,90 Wellington St N,L8R 1N1,,YT7692,restaurants
6ef850f9f2844884d8cd99ab,Kim Hoa Chinese B B Q,13065,,,43.261318,-79.868955,127 MacNab St N,L8R 2M2,,BK4870,restaurants
96692ee0b27f46a7010c5365,King Pizza,13065,,,43.252154,-79.84849,677 King St E,L8M 1A1,,MQ5674,restaurants
58d012d3e309e12fbdf29ac6,Kings Landing Bar & Grill,13065,,,43.230923,-79.806681,1900 King St E,L8K 1W1,,EJ1773,restaurants
282cec75707f407c67a01a7b,Koi,13065,,,43.258204,-79.877424,27 Hess St S,L8P 3M7,,JQ7637,restaurants
510dadfbe4b0ec5cc84782a7,Konoba,13065,,,43.257934,-79.878027,34 Hess St S (George Street),L8P 3N1,,CL0350,restaurants
4cb642e33ac937043972d20a,Korea House,13065,,,43.257981,-79.854898,281 Cannon St E,L8L 2B4,,XO8059,restaurants
fe89ef101ca04ec71f0876b1,La Cantina Ristorante Italiano,13065,,,43.253252,-79.864021,60 Walnut St S,L8N 2L1,,VY5204,restaurants
4e223b21483b041af1f5e4be,La Dolce Vida,13065,,,43.253919,-79.863346,157 Main St E (Walnut and Main st),L8N 1H1,,AD4683,restaurants
5535b926379a4b6bc1af9d16,La Luna Bakery,13065,,,43.256665,-79.836362,673 Barton St E,L8L 3A3,,KS4712,restaurants
53891db4498e1afc163780c4,La Luna Express,13065,,,43.261095,-79.852966,281 Barton St E (Victoria Ave),L8L 2X4,,CR0995,restaurants
4b8d9afaf964a520cd0333e3,La Luna on the Mountain Restaurant,13065,,,43.239778,-79.847979,650 Concession St,L8V 1B8,,LC9594,restaurants
4f0321787bebcb40fdb10cb6,Lava Pizza & Wings,13065,,,43.263333,-79.90083,876 King St W (Longwood),L8S 4S6,,SY7159,restaurants
9d2e63e3e2814b328008d68f,Lava Pizza Inc,13065,,,43.260079,-79.848714,387 Barton St E,L8L 2Y2,,IR5360,restaurants
4b5bd592f964a520e61829e3,Lazy Flamingo,13065,,,43.258432,-79.87737,19 Hess St S (at George St),L8P 3M7,,OZ0405,restaurants
515629c5e4b07cf8c0ab5572,Lee's Chinese Food,13065,,,43.252802,-79.938544,Whitney Plaza Main St W (Rifle Range Road),,,HS1364,restaurants
5de5ab9ede792100088413f9,Lee's Take Out & Delivery Service,13065,,,43.252546,-79.938964,1825 Main St W,L8S 1H6,,YX3802,restaurants
4e7b788ba8096e181d4813b8,Liquid Kitty,13065,,,43.253962,-79.867155,69 John St S (Jackson st),L8N 2B9,,XA8191,restaurants
5d7eb5a4b1731600072ffec5,Little Asia,13065,,,43.26567,-79.952196,36 King St E Dundas ON,L9H 1B8,,HM1019,restaurants
551d4597498e9d9d47264e12,Little Caesars Pizza,13065,,,43.256719,-79.934205,1685 Main St W,L8S 1G5,,AX2592,restaurants
4be41e8ecf200f47d07b113c,Little Caesars Pizza,13065,,,43.251964,-79.848782,557 Main St E,L8M 1H9,,RU8720,restaurants
4f7785fce4b05cde60fce7f4,Lo Presti's at Maxwell's,13065,,,43.252912,-79.863361,165 Jackson St E,L8N 1L6,,BJ3795,restaurants
5b7d862bdee770002c9c0c95,Loaded Pierogi,13065,,,43.263818,-79.866271,275 James St N,L8R 2L4,,KD6058,restaurants
571bf243498ee4b1fea78990,Lou Dawg's Southern Bbq,13065,,,43.258599,-79.878836,116 George St (Queen St.),L8P 1E2,,IC3971,restaurants
4db842ed6e81c67f61c9c4e7,Lulu's Shawarma,13065,,,43.256946,-79.866176,32 John St N (at King William St.),L8R 1H3,,SE5507,restaurants
bb8a64dd1dcb49b54efaa9bb,Lutey's Kitchen,13065,,,43.260629,-79.85247,306 Barton St E,L8L 2X5,,NK0284,restaurants
141802be363244380b9f5656,M & N Desserts,13065,,,43.254486,-79.865435,105 Main St E,L8N 1G6,,DW7932,restaurants
2701ba0c78c5464c76e09f84,Maccheroni Cucina Alfresco,13065,,,43.257727,-79.926262,1560 Main St W,L8S 1E7,,QM1745,restaurants
4e484d0115200c1866974bbc,Mafu's kitchen,13065,,,43.254387,-79.862359,234 King St E,L8N 1B5,,WD3960,restaurants
4d8be55b2146721ed4a3f753,Mahal Restaurant,13065,,,43.256027,-79.868663,22 King St E,L8N 1A3,,XU5896,restaurants
5e5f4524c948ba0008f45a96,MaiPai,13065,,,43.25715,-79.838066,631 Barton St E,L8L 3A1,,QG0985,restaurants
847666fa50ad47e96308d9e7,Maiella Pizza,13065,,,43.246193,-79.833625,897 Main St E,L8M 1M4,,UQ7646,restaurants
56467992498e8cd954994cd5,Mancala Monk,13065,,,43.247491,-79.816692,1229 Cannon St E (Ottawa Street),L8H 1T8,,ML5941,restaurants
3841b8ce85984909e5da1c8f,Manna Korean Take Out,13065,,,43.261674,-79.907087,1050 King St W,L8S 1L5,,LQ9493,restaurants
4c405e7a520fa593a3e6c7ac,Maple Leaf Pancake House,13065,,,43.257771,-79.923534,1520 Main St W,L8S 1E3,,OD7557,restaurants
1d85388d2d8e41ab23bc0b68,Mario's 2 For 1 Pizza,13065,,,43.250304,-79.833251,1016 King St E,L8M 1C8,,IU7541,restaurants
5f9366f330968d739c945cb9,Martello,13065,,,43.263868,-79.86563,298 James St N,L8R 2L3,,RD6892,restaurants
57e4b6e8498ec6a0ca27e73a,Masala Corner,13065,,,43.259282,-79.899679,807 Main St W (Paradise),L8S 1A2,,ON8963,restaurants
4c6d995fc52437048b9f28eb,Master 2 For 1 Pizza,13065,,,43.265715,-79.952343,24 King St E Dundas ON,L9H 1B8,,SG6128,restaurants
19be4fce295b46bfeb73a02a,Master M Restaurant Corp,13065,,,43.25718,-79.93331,1686 Main St W,L8S 0A2,,PD2694,restaurants
4231ce1901b841bbd72e1c12,Masters 2 For 1 Pizza & Wings,13065,,,43.247739,-79.817846,181 Ottawa St N,L8H 3Z4,,LF5060,restaurants
4bce32dbb6c49c74b0c49691,Matsuri Sushi,13065,,,43.265736,-79.952069,36 King St E (at Ogilvie St) Dundas ON,L9H 1B8,,AL0247,restaurants
4bfc357ee9d8c9289231b2c7,Mattina Pizzeria,13065,,,43.259547,-79.862906,104 Cannon St E (Mary),L8L 2A3,,AO0754,restaurants
3f48aef33d294ee6434065c4,Mattina Pizzeria,13065,,,43.263595,-79.863359,61 Barton St E,L8L 2V7,,SE9823,restaurants
ea92763af26a418aa3cd8d1a,Maxim's Family Restaurant,13065,,,43.257298,-79.838323,629 Barton St E,,,VL8028,restaurants
5112c28de4b0051ef610662f,McCartney & Son,13065,,,43.263522,-79.865758,282 James St N,L8R 2L3,,PO2762,restaurants
4bce2235b6c49c74c79d9691,McDonald's,13065,,,43.265245,-79.949886,10 Cootes Dr (at West St) Dundas ON,L9H 1A9,,MD2750,restaurants
4bee8ba535dc0f47c1ec3f5b,McDonald's,13065,,,43.265186,-79.949795,120 King St W,L8P 4V2,,VK7369,restaurants
4bd4cfd329eb9c74bd7092e1,McDonald's,13065,,,43.244575,-79.825565,1268 King St E (at Main St E),L8M 1G8,,OQ6287,restaurants
4af72afaf964a520b40622e3,McDonald's,13065,,,43.26026,-79.889921,50 Dundurn St S (at Main St W),L8P 4W3,,SK4194,restaurants
4c313ee716adc928cf69c09c,McDonald's,13065,,,43.255437,-79.830498,787 Barton St E (Lottridge),L8L 3B2,,HF1575,restaurants
4b741359f964a520a9c62de3,McMaster Innovation Park,13065,,,43.256881,-79.901079,175 Longwood Rd S,L8P 0A1,,BN2137,restaurants
4d7bdad5e04d6ea85865f0d5,McMaster Museum of Art,10027,,,43.262663,-79.918153,1280 Main St E,L8K 1A9,,WL2194,museums
132cd925a6ac45ae83e1498b,McSushi,13065,,,43.251412,-79.938446,418 Whitney Ave,L8S 2H8,,GP0709,restaurants
ad295b46aaef47c73a46be79,Mcqueen's,13065,,,43.262126,-79.877346,103 Queen St N,L8R 2V5,,BY7217,restaurants
5e2cca0b1edeb000088107dd,Meanwhile Wine Bar,13065,,,43.264147,-79.865631,302 James St N,L8R 2L3,,VK3663,restaurants
5c01d1530d2be7002cbd477e,Meltwich Food Co,13065,,,43.249063,-79.806387,1324 Barton St E,L8H 2W1,,LB2115,restaurants
5b66680d12c8f0002c524fb1,Merk Snack Bar,13065,,,43.247797,-79.817809,189 Ottawa St N,L8H 3Z4,,RN6799,restaurants
4d387b229784a093caaae0e8,Mia's Panino Bar,13065,,,43.239614,-79.847209,664 Concession St,L8V 4T9,,SD4473,restaurants
4b7a0beaf964a5208f202fe3,Mighty Mikes Pub & Billiards,13065,,,43.254333,-79.865966,96 Main St E (at Catherine),L8N 1G3,,CL8254,restaurants
4bb539da941ad13a86f61de3,Mike's Submarines,13065,,,43.245871,-79.818135,122 Ottawa St N,L8H 3Z1,,RJ1230,restaurants
4e8fa440cc2127f5da3d7bb0,Mike's Submarines,13065,,,43.256027,-79.857767,90 Wellington St N (Wilson St),L8R 1N1,,BB2295,restaurants
5f2f10f8bf1a075d8d64228c,Mikel Cafe,13065,,,43.262361,-79.905442,1008 King St W,L8S 1L4,,YP3893,restaurants
979b45f27df4c7efbd774833,Mimi's Asian Gourmet,13065,,,43.251365,-79.835469,971 King St E,L8M 1C3,,ME2966,restaurants
6b3a30694ab2468dddfdc313,Miss Lyn's Wings,13065,,,43.252168,-79.848307,677 King St E,L8M 1A3,,IS7538,restaurants
5700473ecd10c3789d26e541,Mississippi Queen Foods,13065,,,43.252535,-79.850084,635 King St E,L8N 1E5,,FV7212,restaurants
70a62c5d17c04902ee94ff8f,Modern India Buffet Restaurant,13065,,,43.253919,-79.863346,157 Main St E,L8N 1H1,,XV1110,restaurants
4bd4b6486798ef3b8a3e628d,Modern India Buffet Restaurant,13065,,,43.256973,-79.876706,163 Main St W (Main & Caroline),L8P 1J1,,JI0963,restaurants
4b51f759f964a520ed5d27e3,Montfort Mediterranean Cuisine,13065,,,43.261743,-79.905476,1019 King St W (at Marion Ave),L8S 1L3,,UE8227,restaurants
598238f54c954c7964d3eae6,Moodys,13065,,,43.258164,-79.878669,107 George St,L8P 1E3,,DJ5337,restaurants
5c9e83fd57a537002c8919ab,Mosaic - Hamilton,13065,,,43.259543,-79.846955,431 Barton St E (Leeming St),L8L 2Y5,,GL2875,restaurants
593aea9bf79faa76f45ed800,Motel Restaurant,13065,,,43.260371,-79.850015,359 Barton St E (Oak Avenue),L8L 2X8,,XP5091,restaurants
9eafb8c05532437034c6fa07,Mother's Vietnamese Kitchen,13065,,,43.262517,-79.85993,145 Barton St E,L8L 8A8,,HF5047,restaurants
4de7cad9d22dc38f1ee9e453,Mr Dumpling Express,13065,,,43.261466,-79.889523,50 Dundurn St S (at Main St W),L8P 4W3,,JR1075,restaurants
a7654ed5eb7f4c06f30f6710,Mr Gao China Restaurant,13065,,,43.257348,-79.927542,1561 Main St W,L8S 1E6,,GM6374,restaurants
4f7c9130e4b07223784bb239,Mr Sub,13065,,,43.238645,-79.843802,760 Concession St (at Concession & Sherman),L8V 1C7,,YD9694,restaurants
50a9a020e4b04d899541e8c8,Mr. Gao's Chinese Restaurant and Bubble Tea,13065,,,43.257224,-79.927706,1564 Main St W (Main Street And Binkley Crescent),L8S 1E6,,PX3422,restaurants
02ba372c067f459be1f76e1a,Mr. Sub,13065,,,43.256971,-79.869472,100 King St W,L8P 1A2,,HE6098,restaurants
4b70571ff964a520e1132de3,Mr. Sub,13065,,,43.258178,-79.911779,1144 Main St W,L8S 1C1,,HF4034,restaurants
5b91100ade3bbf002c84f420,Mr.Sub,13065,,,43.252618,-79.854827,478 King St E,L8N 1C8,,PP3032,restaurants
53484906498e871c22a38853,Mudds,13065,,,43.25254,-79.871087,144 James St S,L8P 3A2,,IT0579,restaurants
4b819c2ef964a52080b230e3,My Dog's Cafe & Bar,13065,,,43.25384,-79.886143,229 Locke St N,L8R 3B1,,LL4173,restaurants
4daa2e948154abafc2a79e44,My Pizzeria,13065,,,43.246043,-79.826832,1218 King St E (Hilda Ave),L8M 1G5,,UQ9385,restaurants
5bc643ce2bf29b002d898e39,Nannaa Persian Eatery,13065,,,43.262405,-79.905588,1010 King St W (Marion Ave S),L8S 1L4,,JQ4833,restaurants
532b0ea5498eca47064628f5,Narula's,13065,,,43.250568,-79.813036,1162 Barton St E (Barton St. E. & Ottawa St. N.),L8H 2V6,,LI5258,restaurants
594b9882d8fe7a0d084b2076,Narulaexpress,13065,,,43.252604,-79.870263,2 Young St (2 Young Street Hamilton  ON),L8N 1T9,,RJ9677,restaurants
4bd7689e0b779c74591d05a0,National Pizza,13065,,,43.256501,-79.869763,3 King St E (James St N),L8N 1A1,,RO4853,restaurants
4f0734a04fc65447b14d023c,National Pizza and Wings,13065,,,43.256769,-79.868464,3 King St E,L8N 1A1,,EK9515,restaurants
4d71926ff4e26a31db6627aa,Needa Pita,13065,,,43.262837,-79.922403,1280 Main St E,L8K 1A9,,ZZ4211,restaurants
5bd6255481635b002c9e3a9c,Neit Bar,13065,,,43.265031,-79.865781,337 James St N (Murray),L8L 1H3,,BY7010,restaurants
4ce56c25b3173704d015aaf6,New York Fries - Lloyd Jackson Square,13065,,,43.257051,-79.869161,2 King St W (in Jackson Square),L8P 1A1,,GE0042,restaurants
513e27ace4b0e75b85cd6d87,Newsday Cafe,13065,,,43.259865,-79.892868,44 Frid St,L8N 3G3,,OC5844,restaurants
4c9d10e6542b224b756ee69f,Nino's Ristorante,13065,,,43.255505,-79.862362,162 King William St,L8R 3N9,,YU7069,restaurants
83b688262616437ed56266c0,Niva Pizza & Wings,13065,,,43.254857,-79.830772,800 Barton St E,L8L 3B3,,LL8191,restaurants
59683eb816fa0474b29b1444,Nobody's Perfect Bar and Grill,13065,,,43.263367,-79.863413,251 John St N ({at Barton Street}),L8L 4P4,,RM9390,restaurants
59a7742462420b4760b12e3f,Noodle Me,13065,,,43.259457,-79.866971,1 Wilson St,L8R 1C4,,KB4783,restaurants
5c1d6b9accad6b002c08ddc6,Noodle and Dumpling,13065,,,43.254469,-79.862743,220 King St E (Walnut Street North),L8N 1B5,,GN7729,restaurants
512941aae4b07aedc7d5ace8,North End Pita,13065,,,43.272083,-79.862103,574 James St N (Burlington St E),L8L 1J7,,OC5703,restaurants
4e500f3ab3ad1a69ac173e8c,Nuance Bistro,13065,,,43.251661,-79.81628,1085 Barton St E,L8L 3E2,,QZ4089,restaurants
5255c75211d28914953225e2,O Leao Cafe & Restaurant,13065,,,43.263861,-79.865722,300 James St N,L8R 2L3,,PG1332,restaurants
14e0af9d7ca346c10d29c3eb,O Leao Cafe & Restaurant,13065,,,43.255475,-79.832916,746 Barton St E,L8L 3B1,,UM3684,restaurants
9a3150927d57494ec9229e27,O'Neill's Fast Foods Restaurant,13065,,,43.248385,-79.80428,1374 Barton St E,L8H 2W3,,WJ8650,restaurants
4bba9d0553649c744b4b49fb,O'Neills Barton,13065,,,43.248378,-79.804371,1374 Barton St E,L8H 2W3,,MG0242,restaurants
4ccf1e072fd9b60c44ac79eb,Oak Cafe,13065,,,43.257946,-79.87279,120 King St W (in Jackson Square),L8P 4V2,,OB9232,restaurants
4beded8c946c0f47b330a363,Oakwood Place Inc,13065,,,43.251774,-79.816994,1067 Barton St E,L8L 3E2,,HQ3582,restaurants
4af91028f964a520e41022e3,Ola Bakery & Pastries,13065,,,43.262472,-79.866322,230 James St N (Barton St. W),L8R 2L3,,MG1307,restaurants
6b1d3b2c28044380e9facd22,Olympic Pizza,13065,,,43.265127,-79.952706,33 Main St Dundas ON,L9H 2P7,,LE3638,restaurants
51ba738f7dd2b8c55fbf7611,Ora Italian Kitchen + Bar,13065,,,43.258514,-79.877755,18 Hess St S (King Street and Hess Street),L8P 3M8,,JR0463,restaurants
4d3a007f039eb60ce011e79c,Oriental Restaurant & Tavern,13065,,,43.253045,-79.857264,408 King St E,L8N 1C3,,TS0493,restaurants
4dcc5948d22de57e54148ca9,Original Pizza,13065,,,43.24042,-79.810452,1388 Main St E,L8K 1C1,,VE7752,restaurants
5da31570a5cc18000815a01b,Osmow's Shawarma,13065,,,43.257201,-79.940964,119 Osler Dr Dundas ON,L9H 6X4,,ZH8439,restaurants
5dd2e4a56a739e00078f8caf,Osten Beerhall,13065,,,43.248569,-79.821601,1103 Cannon St E (Kensington),L8L 2J5,,UU6296,restaurants
51b8f166498e7deec2206b9c,Ou Cantinho,13065,,,43.261043,-79.852911,302 Barton St,,,GM8194,restaurants
4c92cf9f1221b1f73b1315e2,Our Corner,13065,,,43.269592,-79.863213,496 James St N (at Picton St W),L8L 1J1,,VA6970,restaurants
52996d93498ea48250818b10,Owl of Minerva,13065,,,43.252399,-79.857665,309 Main St E (Victoria),L8N 1H8,,SF4861,restaurants
4f673d5675de47e73ae214ea,Pagoda Chop Suey House,13065,,,43.238199,-79.842336,792 Concession St,L8V 1C9,,QO1127,restaurants
6029d561665dc96b54ec3473,Pagoda Downtown Restaurant,13065,,,43.241921,-79.816405,1247 Main St E,L8K 1A8,,UE0165,restaurants
e1b650be4cef4d1c264b107c,Paisley Coffeehouse & Eatery,13065,,,43.262149,-79.906008,1020 King St W,L8S 1L4,,NQ4062,restaurants
5741fb48498ed44f266cbbc3,Panini and Ice Cream,13065,,,43.239435,-79.80505,1505 Main St E,L8K 1E2,,FM5558,restaurants
5dd42a59e6b4a600070f8da0,Papa John's Pizza,13065,,,43.250937,-79.815509,1096 Barton St E,L8H 2V1,,MV8509,restaurants
5c634fe02f97ec002cfd6c63,Papa John's Pizza,13065,,,43.258899,-79.901746,875 Main St W,L8S 4P9,,QR7586,restaurants
4d8f40883bfef04ded0eaa86,Papa Leo's Restaurant,13065,,,43.240008,-79.84862,638 Concession St,L8V 1B5,,YK7743,restaurants
4b9eae43f964a52011f936e3,Papagayo,13065,,,43.258893,-79.876474,246 King St W,L8P 1A9,,NH7440,restaurants
8cafb9daeb0542db82539b20,Paparella's Cafe & Catering,13065,,,43.259854,-79.896622,649 Main St W,L8S 1A2,,IH3753,restaurants
4291ce75d76221a031365ae7,Paramount Fine Foods,13065,,,43.262244,-79.920286,1280 Main St E,L8K 1A9,,YK5510,restaurants
a82f0495b76e41446286f41e,Pause Awhile Restaurant,13065,,,43.26512,-79.952798,31 Main St Dundas ON,L9H 2P7,,QZ9516,restaurants
5dcda42672d7ba00083dd2c5,Pete & Kay,13065,,,43.263076,-79.90343,946 King St W,L8S 1K8,,GS3202,restaurants
4efe538f6da1cd03577551f4,Pho Bo Con,13065,,,43.262781,-79.87755,303 York Blvd (Queen St),L8R 3K5,,OD9369,restaurants
69518b7975a74940ff7a505e,Pho Bo Restaurant,13065,,,43.262869,-79.859711,145 Barton St E,L8L 8A8,,MC5070,restaurants
4bb3cda9715eef3bb4de86bb,Pho Dau Bo Restaurant,13065,,,43.260818,-79.866738,15 Cannon St E,L8L 1Z6,,AW2296,restaurants
56905eb5498edca58a227069,Pho Huy,13065,,,43.261386,-79.869523,52 Cannon St W (macnab),L8R 2B5,,CQ0796,restaurants
4d1b8459f8ca236ad2a3ee30,Pho Lac Vien,13065,,,43.265434,-79.880874,430 York Blvd (at Crooks St),L8R 3K8,,DD1300,restaurants
5390bcc4498e7de3eb9af7c3,Pho My-Tam Ultimate Asian Grill & Soup,13065,,,43.263031,-79.859785,145 Barton St E,L8L 8A8,,FY0620,restaurants
4b9ac201f964a52006d335e3,Pho NV,13065,,,43.261386,-79.869523,52 Cannon St W (btw Park St & MacNab St),L8R 2B5,,LC1793,restaurants
5cb35516e96d0c002c458e61,Pho Nhung,13065,,,43.262083,-79.877896,85 Queen St N,L8R 2V5,,DF6626,restaurants
4b6b5d23f964a520a7032ce3,Phoenix Bar & Grill,13065,,,43.262878,-79.921158,1280 Main St W (in The Refectory),L8S 4L8,,ME6685,restaurants
53821b62498e7fa5d0233ab9,Ph Excellent,13065,,,43.258242,-79.910955,1120 Main St W,L8S 1C1,,QJ7691,restaurants
646939c1ee3fbc55a3e54554,PinToh by Chef Keng,13065,,,43.256452,-79.866046,21 John St N,L8R 1H1,,WQ6028,restaurants
52d077b2498e7b98e9c9ad26,Pinks Burgers,13065,,,43.257574,-79.918863,1335 Main St W,L8S 1C6,,VZ7067,restaurants
4b7ca21af964a520b49e2fe3,Pita Pit,13065,,,43.2614126,-79.9075486,1056 King St W,L8S 1L7,,JB1778,restaurants
521bfe3011d25b3e2d6c9d91,Pita Pit,13065,,,43.2662152,-79.9508604,49 King St E (at York Rd) Dundas ON,L9H 1B7,,UQ5230,restaurants
5b75af392b6710002cbe80a2,Pita Pit,13065,,,43.238168,-79.842006,798 Concession St,L8V 1C9,,PU0298,restaurants
4cc310c9d43ba143ac2e5df8,Pita Pizza,13065,,,43.249934,-79.848996,526 Main St E,L8M 1J1,,CQ5062,restaurants
582c90141b95ff6008b5431d,Pizza DEPOT,13065,,,43.251445,-79.851894,437 Main St E (no frills plaza),,,GI9857,restaurants
50dcd165e4b02de15e3f7df8,Pizza Italia,13065,,,43.240243,-79.808383,1443 Main St E,L8K 1C4,,YD3978,restaurants
58dbe25fa36ecd2ae50da839,Pizza Nova,13065,,,43.262339,-79.905716,1016 King St W,L8S 1L4,,ZP8327,restaurants
4d8ba6940c4e41bd15fa667f,Pizza Pizza,13065,,,43.241636,-79.815013,1281 Main St E,L8K 1B1,,ZG5682,restaurants
4bf9d958b182c9b6bda7795a,Pizza Pizza,13065,,,43.243909,-79.824758,1296 King St E,L8M 1G8,,HD1692,restaurants
4c9fc2b203133704cc3975d5,Pizza Pizza,13065,,,43.265268,-79.95018,4 Cootes Dr Dundas ON,L9H 1A9,,VH6169,restaurants
4c44e260f0bdd13a073ccacc,Pizza Pizza,13065,,,43.261466,-79.889523,50 Dundurn St S,L8P 4W3,,WG5928,restaurants
4f6e09a6e4b0ca47b1828c10,Pizza Select,13065,,,43.263644,-79.864897,28 Barton St W,L8L 1A1,,VY5119,restaurants
fb993427cd63dfbb181626ca,Pizzaiolo,13065,,,43.26183,-79.905073,1009 King St W,L8S 1L3,,UO2526,restaurants
496b485d5bb5e274138a8f0d,Pizzaiolo,13065,,,43.254883,-79.885671,205 Locke St S,L8P 4B5,,HE4011,restaurants
50e36feee4b0a6d1de9ad41a,Plaza Pizza & Wings,13065,,,43.255916,-79.857749,90 Wellington St N (Wilson),L8R 1N1,,ZL4440,restaurants
5f99af10f1c70f2e46d92f38,Poke Co,13065,,,43.248025,-79.817755,193 Ottawa St N (Cannon St. E.),L8H 3Z4,,YE9741,restaurants
5cdf40b3646e3800390691bd,Pokeh,13065,,,43.241167,-79.853914,522 Concession St,L8V 1A6,,OJ7200,restaurants
564e0c55498e28312edd0074,Pokeh,13065,,,43.258924,-79.870266,55 York Blvd,L8R 3K1,,QE3202,restaurants
4b6c8164f964a520623f2ce3,Popeye Chicken & Seafood Main,13065,,,43.259175,-79.903231,918 Main St W,L8S 1A6,,KI8539,restaurants
5c29303b8c812a002c452079,Popeye's Louisiana Kitchen,13065,,,43.256769,-79.868464,11 King St E,L8N 1A1,,UR6115,restaurants
59c97f92018cbb72f7aec7a1,Popeye's Louisiana Kitchen,13065,,,43.25698,-79.935177,1711 Main St W,L8S 1G5,,SM2331,restaurants
4c15875577cea593a56dd260,Popeye's Louisiana Kitchen,13065,,,43.259234,-79.903195,918 Main St W,L8S 1A6,,YD6580,restaurants
5706619e498e68410c5b2b56,Porcelain Hotpot & Lounge,13065,,,43.258235,-79.911047,1122 Main St W,L8S 1C1,,HP9628,restaurants
596c5259e5ff41e8366ca8ec,Portable Feast Cafe,13065,,,43.258028,-79.879713,54 Queen St S,L8P 3R5,,RR4389,restaurants
60f850cd34eaa146084dd9a8,Power Pizza,13065,,,43.246355,-79.81766,134 Ottawa St N (Roxborough Av),L8H 3Z3,,XM5200,restaurants
51ce15ac498ea8d20699d8f2,Prime Time Sports Bar & Grill,13065,,,43.246719,-79.807059,216 Kenilworth Ave N,L8H 4S2,,WQ3408,restaurants
510dcb80e4b0ec5cc9144ed6,Prosecco Bar & Grill,13065,,,43.254213,-79.860985,275 King St E (Ferguson),L8N 1B9,,TT0472,restaurants
74b309d520f0443d906bdf05,Ps Restaurant,13065,,,43.250532,-79.807653,1275 Barton St E,L8H 2V4,,LX3470,restaurants
6310936ab4cc7b32a60b102c,Psychic Hamilton,10027,,,43.250129,-79.850096,99 Dundas St E,L9H 0C2,,LS9226,museums
4bf06cd6f45ec9282dd1933c,Quatrefoil Restaurant,13065,,,43.267265,-79.956875,16 Sydenham St (near King St W) Dundas ON,L9H 2T4,,HX6644,restaurants
4b6a4bfaf964a52031d12be3,Queen's Pizza & Wings,13065,,,43.253876,-79.881327,178 Queen St S (at Duke St.),L8P 3S7,,BQ5570,restaurants
529618de11d2d434946e7168,Queen's Pizza & Wings,13065,,,43.251084,-79.841309,838 King St E,L8M 1B4,,AU5287,restaurants
5a8ef9728c812a571e51c034,Quik Chik,13065,,,43.257477,-79.918661,1331 Main St W,L8S 1C6,,RJ8396,restaurants
4f9828f2e4b0b95b78ff15ed,Radius,13065,,,43.25234,-79.870775,151 James St S (at Augusta St),L8P 2Z5,,SL5600,restaurants
e222c77e8c034622bc866260,Rainbow's End Bistro,13065,,,43.241887,-79.88231,100 W 5th St,L9C 0E3,,IL9916,restaurants
4c595eb067ac0f474df7034c,Rankin's Bar & Grill,13065,,,43.240773,-79.812412,1342 Main St E,L8K 1B5,,FS5742,restaurants
60fa075c29d73129292316ee,Rapscallion & Co,13065,,,43.261149,-79.866794,178 James St N,L8R 2L1,,MO5886,restaurants
4b3839fef964a520064d25e3,Ray's Place,13065,,,43.252556,-79.891906,303 Dundurn St S (Dundurn & Stanley),L8P 4L4,,RQ7125,restaurants
4daf1b751e7207bbeb1ed107,Ray's Place the Boat House,13065,,,43.257655,-79.889618,161 Dundurn St S,L8P 4K4,,GS1099,restaurants
292db3cd3a8a4323c6f5f985,Rebel's Rock Irish Pub,13065,,,43.252669,-79.852703,537 King St E,L8N 1E3,,UG4682,restaurants
4f2b10e0e4b0dd6b76b009a8,Red Crow Coffee,13065,,,43.250202,-79.871665,211 James St S (Charlton Ave),L8P 3B2,,AK6212,restaurants
506b7d34e4b088a79dbe7fde,Reflections,13065,,,43.267679,-79.885846,149 Dundurn St N,L8R 3M1,,UW3178,restaurants
4c79988f3badb1f7e4bc4f54,Right Wingers,13065,,,43.252188,-79.939969,1850 Main St W,L8S 4P7,,OZ7082,restaurants
5d9e4e0cebf7010008977c84,Rise Above Pizza & Wings,13065,,,43.263346,-79.865867,274 James St N,L8R 2L3,,SC4995,restaurants
51294e21e4b0691891d0c0ee,Rose Garden Family Restaurant,13065,,,43.290932,-79.880325,1124 Plains Rd W Burlington ON,L7T 1H3,,CU8539,restaurants
514e7bf0e4b01b9f1637f282,Rotana Resto-Bar,13065,,,43.258228,-79.911138,1122 Main St W (Haddon),L8S 1C1,,NR4519,restaurants
4cdd895df8a4a143bea1d0bc,Rouge River Restaurant,13065,,,43.258247,-79.868158,60 James St N (Rebecca St.),L8R 2K1,,HP0539,restaurants
517b2e46498eddeaa60dec09,Route 66,13065,,,43.268901,-79.863467,468 James St N,L8L 1J1,,HM7112,restaurants
4fcb95fee4b02fed0e7ab7fc,Route 66 Oldies Cafe,13065,,,43.272839,-79.861721,574 James St N,L8L 1J7,,LL1222,restaurants
34f9a6d1e4fa4bf4d8d4a8d4,Royal Hamilton Light Infantry Heritage Museum,10027,,,43.261891,-79.866595,200 James St N,L8R 2L1,,GW9451,museums
5ce32341610f04002c3ab82a,Royal Spice,13065,,,43.240243,-79.808383,1443 Main St E,L8K 1C4,,YS6339,restaurants
5fed20e0e19b66124231e524,Royal Spice Indian & Hakka Cuisine,13065,,,43.256522,-79.934588,1685 Main St W,L8S 1G5,,CW4980,restaurants
5d046103c0af57002c824f1c,Rugantino,13065,,,43.255604,-79.885747,178 Locke St S,L8P 4B3,,PG8943,restaurants
53f2c836498e8f4f5b9ea6c4,Ruthven Park National Historic Site,10027,,,43.262312,-79.864765,243 Haldimand Hwy Cayuga ON,N0A 1E0,,AT3585,museums
4e0beaecd164dfc07ed38040,Safen Grill & Cafe,13065,,,43.25668,-79.868171,21 King St E,L8N 1A1,,FC3162,restaurants
4bd4b8686798ef3b8443628d,Saigon Asian Restaurant,13065,,,43.261937,-79.906575,1024 King St W,L8S 1L5,,DA8731,restaurants
54cbb92b498ec28817437edb,Saint James Espresso Bar & Eatery,13065,,,43.260862,-79.866884,170 James St N (Cannon),L8R 2L1,,NG2654,restaurants
551860b6498e870a8f8cc217,Saltlick Smokehouse,13065,,,43.263456,-79.865886,282 James St N (Barton Street),L8R 2L3,,ZM2033,restaurants
3f20e26c582d4cd6a2bcd15d,Sam's,13065,,,43.256863,-79.838157,632 Barton St E,L8L 2Z9,,MK5764,restaurants
56d14a22cd10e735a3b50f47,Sam's Cheese & Meats,13065,,,43.259152,-79.870212,55 York Blvd,L8R 3K1,,QY1460,restaurants
4f875726e4b03a0f238965e4,Sana Grill,13065,,,43.255299,-79.864321,163 King St E (Mary St and King St E),L8N 1B1,,RB2792,restaurants
4c72e820d944224bcbf90d29,Sana Grill,13065,,,43.230982,-79.806644,1900 King St E (rosedale),L8K 1W1,,WX2688,restaurants
604c2a0123f2784fdd06834f,Sankofa Dining,13065,,,43.253466,-79.866329,92 Jackson St E,L8N 1L2,,NT5002,restaurants
bff935c284a44a3caeb8709a,Scrapyard Catering & Banquet,13065,,,43.2627,-79.866268,242 James St N,L8R 2L3,,RH1163,restaurants
961bd8f5fde34cbd475f1a57,Seasoned Restaurant,13065,,,43.255505,-79.862362,162 King William St,L8R 3N9,,WV0522,restaurants
5d90f7c8fe112900076d679a,Sensational Samosa,13065,,,43.266556,-79.955919,51 King St W Dundas ON,L9H 1T5,,QD5153,restaurants
4e58ee8218a8c2047503fa9b,Sestres Coffee Shop,13065,,,43.248025,-79.817755,191 Ottawa St N,L8H 3Z4,,LB0872,restaurants
58deac9d0aac7577aacf9f7f,Shawarma Club,13065,,,43.26151,-79.906317,1031 King St W,L8S 1L6,,QO1481,restaurants
63891d3af8ae61439c51a7f4,Shawarma Royale Hamilton,13065,,,43.260094,-79.872504,Bay St,L8R 1R6,,NP3314,restaurants
4b491de4f964a520906626e3,Shehnai Restaurant,13065,,,43.25929,-79.887995,447 Main St W,L8P 1K5,,FH5079,restaurants
5cfe6acc51950e002c0872dd,Shingyu Steak,13065,,,43.255172,-79.863789,173 King St E (Mary St. and King St. E),L8N 1B3,,PF2865,restaurants
4cf972c534c1a09345163a0e,Shirin's Fine Foods,13065,,,43.256558,-79.884981,139 Locke St S,,,SR3396,restaurants
5d3cbf506acde6000839f612,Shorty's Pizza,13065,,,43.248569,-79.821601,1099 Cannon St E,L8L 2J5,,SV2247,restaurants
0d4da555da574fd56a6c5729,Sizzle Steak House & Lounge,13065,,,43.258263,-79.877388,25 Hess St S,L8P 3M7,,HI3074,restaurants
4df7c837fa76bd19925b878b,Smoke's Poutinerie,13065,,,43.258502,-79.878634,112 George St (at Queen St. S.),L8P 1E2,,MP9448,restaurants
6294fee27b2f4d3a30dd03cd,Smoke's Poutinerie Inc,13065,,,43.26099,-79.907249,4B Newton Ave,L8S 1V7,,JA2278,restaurants
4ba1941df964a520c8c137e3,Smooth Herman's Bar & Grill,13065,,,43.258223,-79.878633,109 George St (Hess st),L8P 1E3,,WG3605,restaurants
4b78e2e8f964a52086e52ee3,Snooty Fox,13065,,,43.261816,-79.905256,1011 King St W,L8S 1L3,,OQ3224,restaurants
2cb7e4dd85fd44c81d26a12b,Sodhi Sweet & Curry,13065,,,43.261894,-79.856393,216 Barton St E,L8L 2W8,,EW0826,restaurants
4e3b4a72ae6045423649124e,Sonny's Pizza,13065,,,43.247491,-79.816692,1229 Cannon St E,L8H 1T8,,DP4249,restaurants
5798ce673665409b197e7eae,Sookham,13065,,,43.264004,-79.864587,29 Barton St E,L8L 2V6,,KY8330,restaurants
4d8d6ad95091a1cd636c7801,South China Chinese Food,13065,,,43.257693,-79.914432,1223 Main St W (Stroud Road),L8S 1C3,,AD1174,restaurants
4d8d0c785091a1cdc6e76e01,South Pacific Chinese Restaurant,13065,,,43.240255,-79.809683,181410 Main St E,L8K 1C3,,UZ2167,restaurants
4f3f0b75e4b02d0e6b1e0b12,South Sea Restaurant,13065,,,43.25008,-79.816478,282 Ottawa St N,L8H 3Z9,,PJ5580,restaurants
5eed40f0787faf0008453053,Souvlocke Greek Taverna,13065,,,43.253055,-79.886891,254 Locke St S,L8P 4B9,,WW6270,restaurants
4dd559ee1f6ec4e0bb8f529b,Speedy Subs,13065,,,43.240904,-79.852247,562 Concession St (East 22nd),L8V 1A9,,HS5320,restaurants
d71d26c952934338e4deb91e,SpotLight Fridays,13065,,,43.258514,-79.877755,18 Hess St S,L8P 3M8,,WC0840,restaurants
cd9e652724bd40b2c5660bdc,Spurs Roadhouse,13065,,,43.262054,-79.857951,188 Barton E,,,IU4762,restaurants
3abe90ae85c745de3ddbcb59,Spurs Roadhouse,13065,,,43.265874,-79.873714,188 Barton St W,L8R 2H4,,UV1643,restaurants
4b8e726df964a520212333e3,Staircase Cafe Theatre,13065,,,43.263167,-79.887771,27 Dundurn St N (King St),L8R 3C9,,UM2764,restaurants
5380d273498e1b7adfbe206d,Stairways Coffee House & Catering,13065,,,43.255411,-79.860677,225 King William St,,,OQ0233,restaurants
4c6190cede1b2d7f422be070,Starpolskie,13065,,,43.256113,-79.834089,711 Barton St E,L8L 3A7,,JP7245,restaurants
4cb4a086db32f04d3a2adf4d,Starpolskie Delicacy,13065,,,43.256666,-79.84072,711 Barton St E (at Ruth St),L8L 3A7,,RH4948,restaurants
4dcc54717d8b7900f39f8659,Steel City Lunchbox,13065,,,43.240148,-79.832236,256 Gage Ave S (Lawrence),L8M 3E3,,XR1336,restaurants
4d3b16310333a0932d0f5b34,Stone Roads,13065,,,43.240967,-79.851424,533 Concession St,L8V 1A7,,AL4152,restaurants
4be351d91dd22d7f6d5f96bd,Stonewalls,13065,,,43.263101,-79.878485,339 York Blvd (Florence St),L8R 3K5,,XA6508,restaurants
4f92e238e4b0dcd911e712e0,Stop Bar,13065,,,43.251749,-79.818056,1042 Barton St E,L8L 3E5,,XS2006,restaurants
4be8313da117b7137f6281c8,Subway,13065,,,43.262339,-79.905716,1018 King St W (Marion Ave. North),L8S 1L4,,UE9702,restaurants
4f5cd181e4b0ea8599d59d9e,Subway,13065,,,43.260152,-79.872468,114 York Blvd (Bay St),L8R 1R6,,WV1895,restaurants
5bd20044037be1002ccd1110,Subway,13065,,,43.257963,-79.941426,119 Osler Dr Dundas ON,L9H 6X4,,OG6996,restaurants
4e544e9fae60e3d6b7eccc42,Subway,13065,,,43.250574,-79.807607,1275 Barton St E (Kenilworth Ave. N.),L8H 2V4,,PO4460,restaurants
4bd3175477b29c74a2e18f82,Subway,13065,,,43.257574,-79.918863,1331 Main St W (at Broadway Ave.),L8S 1C6,,VV7516,restaurants
4bdf420f6198c9b6358416ff,Subway,13065,,,43.250501,-79.868517,155 John St S (Young),L8N 2C3,,TR2282,restaurants
4c2e231f4e132d7f839c9ddf,Subway,13065,,,43.266201,-79.94969,38 York Rd Dundas ON,L9H 1L4,,SX8323,restaurants
4be76d04ee96c928470dfdbf,Subway,13065,,,43.260833,-79.88974,50 Dundurn St S (at Main St W),L8P 4W3,,EJ6542,restaurants
5e111398f8a01c0008110af1,Subway,13065,,,43.246817,-79.83716,810 Main St E,L8M 1L6,,TE2019,restaurants
4c619181edd320a17ad9aa29,Subway,13065,,,43.254767,-79.828299,847 Barton St E,L8L 3B4,,VV8199,restaurants
1eda650f440a419b4110615e,Subway,13065,,,43.259563,-79.902555,906 Main St W,L8S 1A6,,YP5969,restaurants
4baf6568f964a520b3fc3be3,Sunrise Restaurant,13065,,,43.258848,-79.876327,242 King St W,L8P 1A9,,SD6676,restaurants
63e3f5dbe8307a614ea13b4b,Sushi Azuki,13065,,,43.248319,-79.817572,209 Ottawa St N (Britannia),L8H 3Z4,,WO7109,restaurants
5ba0f82a15173e002c280c07,Synonym,13065,,,43.264558,-79.865376,328 James St N (Barton Street West),L8L 1H2,,FH2517,restaurants
4bf564b58a76b71332118d5a,TJ King Karaoke,10001,,,43.254514,-79.86289,214 King St E (by Walnut St N),L8N 1B5,,TZ5603,amusementparks
51967e06498efab69759533a,Tabouli,13065,,,43.257246,-79.87026,100 King St W (in Jackson Square),L8P 1A2,,YZ1919,restaurants
615df558e245de26eb0f1cf2,Taco Bell,13065,,,43.265852,-79.954175,2 King St W,L9H 6Z1,,QD7169,restaurants
6148b9d585ed2f472ca93036,Tahinis Restaurant,13065,,,43.257711,-79.925749,1554 Main St W,L8S 1E5,,QK9736,restaurants
5d13f3524fa073002389abcd,Tall Tree Sandwich Co,13065,,,43.250304,-79.833251,1000 King St E,L8M 1C8,,LH2587,restaurants
4ba9734cf964a520f3273ae3,Tally Ho Restaurants,13065,,,43.257728,-79.924083,1536 Main St W,L8S 1E4,,FL5433,restaurants
cdfbef7cb6c94aa81a06b47a,Taro at MAC,13065,,,43.258209,-79.917163,1280 Main St W,L8S 4S4,,RZ2235,restaurants
4bedd5df4daaa593ca4e8f61,Taste of Poland,13065,,,43.248302,-79.828741,1145 King St E (Gage),L8M 1E7,,SU2642,restaurants
4e85553849d9493956d568b8,Tea & More,13065,,,43.256881,-79.901079,175 Longwood Rd S,L8P 0A1,,UX3148,restaurants
4cb0ca4baef16dcbc327b454,Tea Hut,13065,,,43.254244,-79.865672,100 Main St E,L8N 3W4,,TY0558,restaurants
5ac5d5ee492814601aa06642,Teafun,13065,,,43.255484,-79.864816,139 King St E,L8N 1B1,,UO1358,restaurants
21a5ecd5bf004b6ad3e08a2e,Ten Decades,13065,,,43.258051,-79.877955,32 Hess St S,L8P 3N1,,EH6125,restaurants
5d8bb9847a801a0008b381d1,Teriyaki Experience,13065,,,43.263338,-79.917387,1280 Main St E,L8K 1A9,,PS6248,restaurants
a6041c661df74724b982ec5f,Thai Asian Bowl,13065,,,43.266504,-79.868441,81 Stuart St,L8L 1B5,,OJ3915,restaurants
4b3fe5cff964a5208ab125e3,Thai Thai,13065,,,43.264012,-79.931785,3778 Burnham St N Cobourg ON,K9A 4J9,,XE8176,restaurants
5bca375ec9a517002c66d77a,The Arch Noodle House,13065,,,43.257196,-79.917964,1309 Main St W,L8S 1C5,,AZ1781,restaurants
4b4bc25cf964a520b3a626e3,The Barton Bean,13065,,,43.261908,-79.854031,237 Barton St E (Victoria),L8L 2X2,,NP6301,restaurants
4b81833cf964a5207fab30e3,The Bean Bar,13065,,,43.262347,-79.905625,1012 King St W (Marion Ave),L8S 1L4,,ZI5272,restaurants
5793d279498e922ae547bdce,The Beergarden,13065,,,43.270273,-79.853635,207 Burlington St E,L8L 4H2,,FG7873,restaurants
314eafac66cb4d2236c96149,The Bite,13065,,,43.25855,-79.877297,13 Hess St S,L8P 3M7,,EK8356,restaurants
4b7626d2f964a52047402ee3,The Brain,13065,,,43.261915,-79.867016,199 James St N,L8R 2L2,,XQ5472,restaurants
5720b67c498eca57a668969f,The Brew Cafe and Bar,13065,,,43.263689,-79.865044,22 Barton St E (Barton St & James St),L8L 2V5,,VQ1977,restaurants
8594fe5aed214a90bd6180d4,The Bull & Politician,13065,,,43.256901,-79.838395,629 Barton St E,L8L 3A1,,ZL2116,restaurants
5233c049498e983bf471b646,The Burnt Tongue,13065,,,43.260524,-79.86692,10 Cannon St E (James St N),L8L 1Z5,,GB8769,restaurants
5d5969d5c0b8eb000841661c,The Burnt Tongue,13065,,,43.261618,-79.90564,1019 King St W,L8S 1L3,,JA8461,restaurants
630227edef3a587510b855be,The Burnt Tongue,13065,,,43.266338,-79.954398,11 King St W,L9H 1T5,,ZG4055,restaurants
57530d76498e98ca0bbe7738,The Burnt Tongue,13065,,,43.255663,-79.88571,182 Locke St S (Pine St.),L8P 4B3,,PO7610,restaurants
59d012f0a8eb6037bbfce3ba,The Capitol Bar,13065,,,43.251372,-79.835377,973 King St E,L8M 1C3,,ZZ7651,restaurants
6d15bf44673648447cc800a8,The Chopped Leaf,13065,,,43.262272,-79.920312,1280 Main St E,L8K 1A9,,UE5846,restaurants
5fca123c0d6d9d74b5efc9db,The Chopped Leaf,13065,,,43.26239,-79.92024,1280 Main St W,L8S 4L8,,FR0695,restaurants
4c16b665955976b0fffda4f6,The Cottage - Social Eatery,13065,,,43.25741,-79.873209,Bay St (King),,,OP0424,restaurants
4b979d6af964a520ba0b35e3,The Culinary Office,13065,,,43.253165,-79.88691,248 Locke St S (nr Charlton Ave),L8P 4B9,,PA8614,restaurants
b8a0edcd7d9c4551a60f0931,The End Zone Bar & Grill,13065,,,43.241479,-79.814152,1305 Main St E,L8K 1B3,,NN4025,restaurants
589678546cda1c3ed29a0f01,The Express Italian Eatery,13065,,,43.261695,-79.906812,1034 King St W (Paisley),L8S 1L5,,HA3525,restaurants
6bafb1c8f9be44439bf8e656,The Express Restaurant,13065,,,43.261827,-79.906557,1034 King St W,L8S 1L5,,EZ1036,restaurants
59dd5007db2aeb3d95939d31,The Fizz Sodas + Sandwiches,13065,,,43.254756,-79.862653,217 King St E,L8N 1B6,,PI1732,restaurants
4fe7448be4b0faa0b99ed2c7,The Green Smoothie Bar,13065,,,43.262531,-79.866285,236 James St N,L8R 2L3,,EI7654,restaurants
55ddfa52498e81b02f5d2aae,The Hamilton Toy Museum,10027,,,43.24221,-79.81701,1231 Main St E,L8K 1A5,,ZY2772,museums
4b689c20f964a520be822be3,The Harbour Diner,13065,,,43.269474,-79.863286,486 James St N (btwn Ferrie St and Picton St),L8L 1J1,,NH8718,restaurants
5d7916a9a189490008a36273,The Hearty Hooligan,13065,,,43.250139,-79.816441,292 Ottawa St N,L8H 3Z9,,AV8820,restaurants
5b1fbaf3bed483002c666511,The Hungry Traveler Hamilton,13065,,,43.260023,-79.896605,649 Main St W,L8S 1A2,,XO0111,restaurants
5ce439e4b9b37b002c5475a0,The Juice Kitchen,13065,,,43.240904,-79.852247,560 Concession St,L8V 1A9,,QD3057,restaurants
8ad588a11704495f407ad88d,The Limin' Coconut,13065,,,43.251549,-79.841805,829 1/2 King St E,L8M 1B1,,XD6669,restaurants
58084bf638fad13f34faf91a,The Little Grasshopper,13065,,,43.26376,-79.864128,37 Barton St E,L8L 2V7,,IB2969,restaurants
646804bb3880bb4d2f8cd43c,The Lockesmith,13065,,,43.256793,-79.884836,137 Locke St S,L8P 4A7,,UK1442,restaurants
51dd93de498e653f6103e5a8,The Meatball Shoppe,13065,,,43.261021,-79.907579,1063 King St W,L8S 4S3,,ML8685,restaurants
5641389a498e029235c9220d,The Moghul's,13065,,,43.2594,-79.876421,288 Mud St W Stoney Creek ON,L8J 3Z6,,HJ4409,restaurants
55de230f498eecf46f6652a2,The Mule,13065,,,43.257258,-79.867202,41 King William St (Hughson),L8R 1A2,,PI1289,restaurants
5e1662430e161a0008dc1e95,The Nine Realm Hotpot Restaurant,13065,,,43.263816,-79.865575,301 James St N,L8R 2L4,,FG1416,restaurants
5a22db7e6bd36b12fcd68c43,The Nook Cafe Hamilton,13065,,,43.252878,-79.871051,2 Bold St (James St.),L8P 1T2,,JB0238,restaurants
617338be660b20721b76f70f,The North Fork,13065,,,43.254521,-79.862798,215 King St E,L8N 1B6,,PD2252,restaurants
4d3387d998336dcb1bf02ef0,The Old Magill House,13065,,,43.252399,-79.857665,309 Main St E,L8N 1H8,,ME6039,restaurants
4b01f834f964a520e64622e3,The Pheasant Plucker,13065,,,43.25192,-79.870426,20 Augusta St (James St.),L8N 1P7,,PC3596,restaurants
4dd0499d52b1f8915bc47e93,The Purple Pear,13065,,,43.253085,-79.823241,946 Barton St E,L8L 3C5,,FR4259,restaurants
7c07d759711144cf5008311e,The Red Door Cucina,13065,,,43.266714,-79.954601,21 King St W Dundas ON,L9H 1T5,,IQ8397,restaurants
2107233fe3bb4042dde10b30,The Rock Garden Cafe,13065,,,43.289364,-79.891937,York Blvd Waterdown ON,,,OK1188,restaurants
4b5e5923f964a520b78a29e3,The Ship,13065,,,43.252066,-79.869987,23 Augusta St (Hughson St.),L8N 1P6,,GY7936,restaurants
4bce2303b6c49c746c9f9691,The Valley Charcoal,13065,,,43.266187,-79.955624,44 King St W (at Millers Ln) Dundas ON,L9H 1T7,,GL7022,restaurants
55735a26498ef85b1b4222c6,The West Deyrouth,13065,,,43.266406,-79.957841,5 Foundry St Dundas ON,L9H 2V6,,YF3402,restaurants
52645a8911d2267fa5df22b1,The Works Gourmet Burger Bistro - Downtown Hamilton - Jackson Square,13065,,,43.257206,-79.869326,2 King St W (James Street North),L8P 1A1,,XF3345,restaurants
4b43bd50f964a52018e825e3,Thirsty Cactus Cantina & Grill,13065,,,43.265843,-79.953571,2 King St E (at Main St.) Dundas ON,L9H 1B8,,MY2415,restaurants
4b3ac492f964a520216e25e3,This Ain't Hollywood,13065,,,43.264986,-79.865634,345 James St N (at Murray),L8L 1H3,,RI0708,restaurants
4e303269d4c058fdbefb4d9c,Three 16 Lounge,13065,,,43.253614,-79.860049,316B King St E,L8N 1C2,,YQ6464,restaurants
5be5156e79f6c7002ce725f4,Tim Hortons,13065,,,43.291345,-79.880766,1134 Plains Rd W Burlington ON,L7T 1H3,,BC6579,restaurants
a82a13ece028449a90353506,Tim Hortons,13065,,,43.257711,-79.925749,1280 Main St E,L8K 1A9,,JM4807,restaurants
4ee37c486da14e7d98c21754,Tim Hortons,13065,,,43.250416,-79.806243,1317 Barton St E (Kenilworth),L8H 2V4,,EK9547,restaurants
4c03f6c00d0e0f47d345039a,Tim Hortons,13065,,,43.262183,-79.872255,133 Bay St N (Bay),L8R 2P5,,RI0761,restaurants
6218092f06f3537faa227365,Tim Hortons,13065,,,43.259272,-79.811113,1330 Burlington St E,L8N 3J5,,LA1080,restaurants
4b9e2a28f964a520a6ce36e3,Tim Hortons,13065,,,43.244302,-79.807952,136 Kenilworth Ave N (Kenilworth Ave and Cannon St),L8H 4R8,,GO8245,restaurants
4dbd4fd5107ff2aa48bfc7db,Tim Hortons,13065,,,43.257379,-79.922818,1445 Main St W (McMaster University),L8S 1C8,,HE5076,restaurants
4d33470ec75a6ea8a1ab15ae,Tim Hortons,13065,,,43.261765,-79.857345,200 Barton St E (Wellington),L8L 2W8,,GU4601,restaurants
4bf8283d8d30d13aa13e0018,Tim Hortons,13065,,,43.258606,-79.876565,239 King St W (Caroline Street West),L8P 1A7,,HW1805,restaurants
4b4f7abaf964a520430827e3,Tim Hortons,13065,,,43.265884,-79.94945,38 York Rd (York St & Cootes Drive) Dundas ON,L9H 1L4,,NB2405,restaurants
4bebde14415e20a142c1e6bb,Tim Hortons,13065,,,43.26481,-79.832262,418 Sherman Ave N (Sherman st),L8L 6P1,,ZE3270,restaurants
4fb276aee4b0abe396da2d93,Tim Hortons,13065,,,43.259326,-79.887537,443 Main St W,L8P 1K5,,CK2133,restaurants
4ba4ed8ff964a52037c438e3,Tim Hortons,13065,,,43.242055,-79.855454,473 Concession St (at E 19 St.),L9A 1C1,,IP8758,restaurants
4c44e6b6f0bdd13a5944cacc,Tim Hortons,13065,,,43.26054,-79.889922,50 Dundurn St S (at Main St W),L8P 4W3,,AJ4787,restaurants
4cb353ef0cdc721eba89224f,Tim Hortons,13065,,,43.250761,-79.849878,503 Main St E (Wentworth St S),L8N 1K8,,GH6343,restaurants
4ba6c1a0f964a520ad6d39e3,Tim Hortons,13065,,,43.255384,-79.844306,505 Cannon St E (Sanford Ave N),L8L 2E6,,HV9667,restaurants
4f42aa55e4b0f4d09dddec15,Tim Hortons,13065,,,43.262364,-79.88731,620 King St W (Dundurn St),L8P 1C2,,VG7801,restaurants
4bc25e6ab492d13a0e7ba760,Tim Hortons,13065,,,43.252327,-79.830949,64 Melrose Ave N (Cannon St E),L8L 0C3,,SN7271,restaurants
4bf728165ec320a1b28d86d3,Tim Hortons,13065,,,43.24461,-79.819267,65 Ottawa St N (Dunsmure Rd.),L8H 3Y9,,KO0117,restaurants
4c23507dfbe5c9b6d02f9b21,Tim Hortons,13065,,,43.255221,-79.829674,799 Barton St E (Lottridge),L8L 3B2,,QP3652,restaurants
4be882f8947820a157feb4db,Tim Hortons,13065,,,43.253825,-79.868198,80 John St S (at Jackson St E),L8N 2C1,,WB2571,restaurants
4ff856a9e4b0d48ad339cf24,Tim Hortons,13065,,,43.245768,-79.834063,888 Main St E (Melrose Ave),L8M 1M3,,NU3961,restaurants
4c9c9be29975a143da7133cf,Tim Hortons,13065,,,43.262588,-79.952272,94 Main St (Governors) Dundas ON,L9H 2R1,,CC9323,restaurants
4c9e23a57c096dcb9fedd1d1,Tim Hortons,13065,,,43.262686,-79.90341,951 King St W (at S Oval),L8S 1K9,,MD8992,restaurants
4d9d1dc37865a093ef80e17a,Tim Hortons,13065,,,43.252714,-79.822252,954 Barton St E,L8L 3C5,,UO3211,restaurants
b7b5919993fc465e5dd19bdf,Tim Hortons,13065,,,43.240903,-79.884924,St Joseph's Hospital - West 5th,L9C 0E3,,HB4136,restaurants
57522537498e3c8d06ff8191,Toast Wine Bar,13065,,,43.256159,-79.866228,12 John St N,L8R 1G9,,FW2634,restaurants
5e43499daa667b0008acb2be,Tomah,13065,,,43.255448,-79.880527,132 Queen St S,L8P 3S2,,YP4164,restaurants
4c30f19566e40f471f4cc48b,Tony's Submarines,13065,,,43.248721,-79.842951,675 Main St E,L8M 1K1,,IJ5284,restaurants
17a19aa95ddd4e502be67109,Trocadero Restaurant,13065,,,43.258551,-79.843124,525 Barton St E,L8L 2Y9,,SP6935,restaurants
508a132be4b0953c3fd23d84,Tropicanadian,13065,,,43.258869,-79.876053,228 King St W,L8P 1A9,,LP4752,restaurants
4c4312823735be9a2add1aa4,Two Cougars & a Cafe,13065,,,43.267279,-79.837269,601 Burlington St E,L8L 4J5,,QZ0234,restaurants
4c5c731a6147be9adf4e8f09,Valentino's Restaurant,13065,,,43.26287,-79.89885,824 King St W (at Paradise Rd N),L8S 1K3,,DV4448,restaurants
4e4d5b0118388d49817469f3,Vavo John's Bar,13065,,,43.260077,-79.850198,362 Barton St E,L8L 2X9,,RU9690,restaurants
5ca539a2c530930039a6c14d,Vibez Caribbean and Southern Food,13065,,,43.251365,-79.835469,971 King St E,L8M 1C3,,XA6703,restaurants
72f12590b3a94d12b888f77c,Victoria's Restaurant,13065,,,43.260952,-79.883129,470 King St W,L8P 1B7,,XT1907,restaurants
4dbf7017a86e2f4250abc6b1,Vida la Pita,13065,,,43.258317,-79.875959,217 King St W (Caroline),L8P 1A7,,HJ1124,restaurants
57979387498eada7cf48d307,Vimex Corner,13065,,,43.240347,-79.810672,1384 Main St E,L8K 1C1,,ZV6068,restaurants
5597fb19498e9e8ce880ec2d,Vintage Coffee Roasters,13065,,,43.251372,-79.835377,977 King St E (Barnesdale),L8M 1C3,,AO6735,restaurants
60c92cfaf487021847a73617,Wagon Grill,13065,,,43.235349,-79.817526,188 Graham Ave S (King St),L8K 2M4,,DM2698,restaurants
4ca0d84946978cfa6e2eb77f,Wally Parr Sausage,13065,,,43.257044,-79.869253,2 King St W (in Jackson Square),L8P 1A1,,VF4365,restaurants
58ea870ce110957407cc0451,Ward IV Coffee Bar,13065,,,43.240287,-79.80853,1441 Main St E,L8K 1C4,,IW5674,restaurants
4bb2421014cfd13a99b114ab,Wass Ethiopian Restaurant,13065,,,43.250254,-79.87172,207 James St N (at Forest Ave.),L8R 2L2,,LV4677,restaurants
4fa518cde4b089a95a0beca3,Wayside Lunch,13065,,,43.255892,-79.804843,476 Beach Rd,L8H 3K7,,RU8590,restaurants
51ea845b498ea70ac934088a,Webers Hamburgers,13065,,,43.247705,-79.898223,8844 11 Hwy S Orillia ON,L3V 6H3,,GV1288,restaurants
4bbd019ca0a0c9b6891a1b0f,Wendy's,13065,,,43.257206,-79.929074,1585 Main St W,L8S 1E6,,UW3541,restaurants
61e5dc668ad045c766f21b1c,Wentworth Standard Condominium,13065,,,43.257074,-79.87612,150 Main St W,L8P 1H8,,NG6574,restaurants
4b567e89f964a520de1228e3,Werx,13065,,,43.259897,-79.86635,121 Hughson St N (at Cannon St E),L8R 1G7,,LV9047,restaurants
53eb9264498ef5787b941ce0,West 25 Cafe & Pizzeria,13065,,,43.255571,-79.870951,25 Main St W (MacNab Street South),L8P 1H1,,BJ1739,restaurants
4e9f2afe61af3499d56121cc,West End Diner,13065,,,43.252802,-79.938544,1811 Main St W,L8S 1H6,,RY5425,restaurants
4c05f704517d0f475957f515,West End Restaurant,13065,,,43.253115,-79.921535,151 Emerson St,L8S 2Y1,,GB7212,restaurants
4b749211f964a520cce42de3,West Town Bar & Grill,13065,,,43.254502,-79.886256,214 Locke St S,L8P 4B4,,HH4699,restaurants
4e8b5317dab4414a6b59447e,Westdale Delicatessen,13065,,,43.262952,-79.901415,893 King St W (Bond),L8S 1K5,,MM0504,restaurants
506e2b2ee4b09e71e0c83483,Weston Pizza and Wings,13065,,,43.272083,-79.862103,574 James St N,L8L 1J7,,VI5940,restaurants
4d93318162ad5481a9ec7b4b,Whitehern Historic House and Garden,10027,,,43.254593,-79.87211,41 Jackson St W,L8P 1L3,,CE6766,museums
4c65d2c0e75ac92859f7f5da,Wild Orchid,13065,,,43.263626,-79.865868,286 James St N,L8R 2L3,,EY7970,restaurants
7d0d14f730b54b4741fa53a0,"Wild Wing,Centre Mall,Hamilton",13065,,,43.250247,-79.806261,1317 Barton St E,,,EA5814,restaurants
4b5bba3ff964a520991229e3,Williams Coffee Pub,13065,,,43.257365,-79.917947,1309 Main St W,L8S 1C5,,RY4417,restaurants
4dbd527f107ff2aa48bfd46e,Williams Fresh Cafe,13065,,,43.260508,-79.918528,1280 Main St W,L8S 4L8,,FK4926,restaurants
4cc096adaa5776b0366e7544,Williams Fresh Cafe,13065,,,43.276538,-79.860908,47 Discovery Dr (Guise St. E.),L8L 8B4,,JW5146,restaurants
89c8cf75f52e4920bcf78391,Willy Dog McMaster,13065,,,43.263187,-79.918613,1280 Main St W,,,VK8237,restaurants
4eef6e00b634f754457dab1a,Wimpy's Diner,13065,,,43.258976,-79.886272,405 Main St W,L8P 1K5,,KY6070,restaurants
619a769a52dcb37fe998f072,Wingporium,13065,,,43.255851,-79.833118,737 Barton St E (Barnesdale),L8L 3A9,,GK0191,restaurants
4dd7117ec65bee535aa9b20c,Wobbly Scotsman,13065,,,43.236274,-79.841177,309 Crockett St,L8V 1H6,,WL4018,restaurants
51324c67d63e9257181429f4,Work,13065,,,43.264927,-79.865671,337 James St N (btwn Barton & Murray),L8L 1H3,,OW2075,restaurants
4c37adbfae2da593fe57ffc5,Workers Arts & Heritage Centre,10027,,,43.266361,-79.867397,51 Stuart St,L8L 1B5,,IZ8368,museums
5fd638c3da954e782995281d,Ya'd Never Know,13065,,,43.265685,-79.949138,72 King St E Dundas ON,L9H 1C2,,YZ8327,restaurants
56c9d78bcd10ae6f41a7abfb,Ye Olde Squire,13065,,,43.258918,-79.900776,875 Main St W,L8S 4P9,,DD5351,restaurants
6105efdcbb66485f792db2d5,Yimee's,13065,,,43.242471,-79.858769,402 Concession St (East 16th),L9A 1B7,,OY9707,restaurants
5a1ca65328122f744774159c,Your Neighbourhood Bar and Grill,13065,,,43.238206,-79.842244,794 Concession St (East 33rd and Concession Street),L8V 1C9,,ZJ3037,restaurants
4bd5b4cbcfa7b713d43726da,Your Place Restaurant,13065,,,43.25902,-79.886419,405 Main St W,L8P 1K5,,TE7162,restaurants
5c0dcf2fbf7dde002cd3816a,Yukiguni Izakaya,13065,,,43.257558,-79.934209,1686 Main St W,L8S 0A2,,UR8066,restaurants
598cf2b4dd84420428e79a62,Yummy Greek,13065,,,43.257422,-79.925144,1481 Main St W,L8S 1E1,,MV6465,restaurants
4c13e6ce82a3c9b64357fcf8,Zarky's Fine Food on Dundurn,13065,,,43.253916,-79.891673,264 Dundurn St S,L8P 4K9,,VI5890,restaurants
5a61374d23a2e61ce49b0922,Zyla's Music and Menu,13065,,,43.264002,-79.86607,299 James St N,L8R 2L4,,EF4602,restaurants
