yelp_id,poi_name,poi_category_id,poi_rating,poi_review_count,poi_latitude,poi_longitude,poi_address,postal_code,fsq_id,poi_id,poi_category
OglGsGS-GdMeSxAvjdzfLQ,2 For 1 Pizza Wings & Subs Restaurant,restaurants,1.5,4,43.24508,-79.80762,158 Kenilworth Avenue N,L8H 4R8,,JM2023,restaurants
XABRVIvmufpfZ2J1llV9MA,28 Lister,restaurants,1.0,1,43.2576214152641,-79.8685465257898,28 James Street  L8R,,,CD3627,restaurants
Zr-TN76nzcRVEgJwZHX_7g,5 Alarm Wings And Fish & Chips,restaurants,2.9,8,43.23464,-79.85675,553 Upper Wentworth Street,L9A 4T8,,KC7593,restaurants
CODMFMsPP06eTQutMnniUA,541 Eatery & Exchange,restaurants,4.5,45,43.2582480392112,-79.842354356135,541 Barton Street E,L8L 2Z2,,BV1374,restaurants
12GctL58qX4G9bS2kBomHg,A & J Sugar Bowl,restaurants,4.3,8,43.2609706641415,-79.8687781116161,124 MacNab Street N,L9H 2K1,,NG1155,restaurants
p8uvP838yCRzCYIxcu1p7g,A M Breakfast Cafe,restaurants,4.7,3,43.25633,-79.86036,195 Rebecca Street,L8R 1C2,,UB9700,restaurants
FyQ1HLihts9PU-eIhLXbSQ,A&W,restaurants,5.0,1,43.2498173,-79.8081514,1275 Barton Street E,L8H 2V4,,YR9993,restaurants
GVdfb5969k4hQcnVMGKD6w,A&W,restaurants,2.8,4,43.26202462816215,-79.85794144149692,190 Barton Street E,L8L 2W8,,UX2746,restaurants
I2AnCv6ny7_kC7MAT2clGQ,A&W,restaurants,2.0,1,43.250817,-79.807805,Centre Mall 1275 Barton Street E,L8H 2V4,,KL4168,restaurants
6F_TjwC8F3OG_q1lGxgMFg,Aberdeen Tavern,restaurants,4.1,86,43.2512808,-79.8933956,432 Aberdeen Avenue,L8P 2S2,,UE9357,restaurants
VwRXvYF8Re9fosv20dbidQ,Ace Restaurant and Sports Bar,restaurants,4.6,5,43.2252,-79.8292699,1120 Fennell Avenue E,L8T 1S5,,JH7428,restaurants
A0ITZitfrbnWI23FNCZqaA,Ace Silver Coin Amusements,amusementparks,0.0,0,43.24951,-79.82665,56 Fairview Avenue,L8L 7B6,,LQ8305,amusementparks
I86hMjhOArFidpLX_-RSZw,Aceti Pizzaria,restaurants,3.4,7,43.23971,-79.80602,1491 Main Street E,L8K 1C9,,LV1506,restaurants
Lwo6MH4q_LTvXVsRqzP0Cw,Ada's Deli & Diner,restaurants,0.0,0,43.25638,-79.83467,707 Barton Street E,L8L 3A5,,YJ6869,restaurants
oV015S0jt_OqXUXBcET7jQ,Adams Trading,amusementparks,0.0,0,43.25428,-79.824,193 Cavell Avenue,L8L 8C9,,ZO9887,amusementparks
mNG5p13OIkm6VnwondQyIQ,Adobo Queen,restaurants,2.0,3,43.2622666307924,-79.8772853656075,2-82 Queen Street N,L8R 2T8,,RF9978,restaurants
BiKmP11wnl9IrcxgjRl0rg,Afro Caribbean Bar & Restaurant,restaurants,0.0,0,43.246452,-79.80702,208 Kenilworth Avenue N,L8H 4S2,,LB4570,restaurants
JPsfA7czh0PusUKqpduDUA,Ajio Sushi,restaurants,4.0,45,43.25542970443895,-79.86430486100974,161 King Street E,L8R 1J6,,EP8755,restaurants
SI5TxHkHPhAefhmMMBN_0w,Al Sham Market,restaurants,4.0,1,43.2260651,-79.82783590000001,1119 Fennell Ave E,L8T 1S2,,XT5311,restaurants
gecf7ESvqA67-DGf9ZmsFA,All Seasoned Jamaican Cuisine,restaurants,4.5,2,43.26363173734719,-79.8648695,28 Barton Street E,L8L 2V5,,AX0607,restaurants
Fkm6WTO7-auG5V4NtzpvRA,Amigos,restaurants,4.4,18,43.25829724721437,-79.87866149999999,109 George Street,L8P 1E3,,QZ4365,restaurants
cgKGLe8eBLQgsZk605-_zw,Andhra Kitchen's,restaurants,0.0,0,43.2617903,-79.8958059,747 King Street W,L8S 1J9,,AI9923,restaurants
YhYPRemzUEH2nDipw5VQNg,Andy's 2-4-1 Submarines,restaurants,4.5,4,43.24879,-79.80544,1342 Barton Street E,L8H 2W3,,CM2345,restaurants
MKRBgXFNPIfELH9rnzEILg,Apllada Greek Fusion Restaurant,restaurants,4.8,4,43.25247,-79.84998,635 King St E,L8N 1E5,,RV8576,restaurants
BcOccyfjH_pfu8Z871iSEQ,Ark and Anchor,restaurants,4.1,16,43.2595,-79.87812,300 King Street W,L8P 1B1,,RT0643,restaurants
X3cDyKZOHlHp4WeYDftpJw,Arrow Amusement Games,amusementparks,0.0,0,43.25596,-79.83297,737 Barton Street E,L8L 3A9,,GS3508,amusementparks
XDXvX7NS5h1zBCMSmN6oyg,Art Conservation Services,museums,5.0,1,42.9826,-81.2548,421 Ridout Street N London ON,N6A 5H4,,NW7742,museums
AbRq291VjXo3K-RFi23KYQ,Assante Wealth Management,restaurants,0.0,0,43.268266,-79.9651154,252 King Street W Dundas ON,L9H 1V9,,LR9014,restaurants
EGutBSi1dgdaJoLu-LdsTw,August 8,restaurants,3.9,128,43.25943,-79.86708,1 Wilson Street Suite 12  L8R,,,VW4809,restaurants
s-i_efA-CA3U9MEtba2SRA,Azal Restaurant,restaurants,5.0,1,43.255938134934,-79.8577265068889,107-90 Wellington St N,L8R 1N1,,NT9053,restaurants
IZmYKqSF0RyrdtgBtKw-hQ,B-Side Social,restaurants,0.0,0,43.2521667,-79.8702619290623,17 Augusta Street,L8N 1P6,,OR4523,restaurants
Z9--IAdyc4v1xLzqIrDgSg,B. Love,restaurants,4.4,10,43.2663727,-79.9550171,29 King Street W,L9H 1T5,,GX3896,restaurants
X5AQM3c7Iya0Czk5pATIDA,BAB Korean Food & BBQ,restaurants,4.7,6,43.26012,-79.84875,387 Barton Street E,L8L 2Y2,,GI2579,restaurants
wDZe9MOT5X6_wovIE3jh6g,Bangkok Spoon Deluxe,restaurants,3.9,73,43.26659,-79.9558,57 King Street W Dundas ON,L9H 1T7,,YX3290,restaurants
cJ1Bd_sHw0bqM0WrEohzPQ,Banh Mi Hue,restaurants,5.0,4,43.26132,-79.86912,127 MacNab Street N,L8R 2B5,,AK1249,restaurants
_jAv0nzY41m-M7rZEwY7fQ,BarBurrito - Hamilton,restaurants,3.3,3,43.2498173,-79.8081514,1275 Barton St E,L8H 2V4,,GC4128,restaurants
Q4oLgsU62VPR28pBm0vCXw,Bardō Locke Street,restaurants,4.2,313,43.25287960000001,-79.8869319898459,258 Locke Street S,L8P 4B9,,UH7867,restaurants
qkZh7xOEZPyPyBEZez2Ohg,Barton Meat Products,restaurants,0.0,0,43.25531,-79.8324,756 Barton Street E,L8L 3B1,,IS2342,restaurants
7LaTBlqKxftS-Or25dGGjQ,Bastoni's Shawarma & Grill,restaurants,3.9,21,43.25896,-79.87622,234 King Street W,L8P 1A9,,EP4376,restaurants
jmcXDIVvsFEq7_OlzUi8qQ,Bean Bar,restaurants,3.6,97,43.262284804098,-79.905729861502,1012 King Street W,L8S 1L4,,AV3040,restaurants
KdBIKjVY-ikkFONPdvrOyQ,Bella Pizza,restaurants,3.5,21,43.231181214042856,-79.8017835,2145 King Street E,L8K 1W5,,OM5468,restaurants
HhPVOlVGW9Pl2tMca0l7ow,Bellair Pizza,restaurants,4.0,2,43.25941,-79.84612,455 Barton Street E,L8L 2Y7,,SZ2288,restaurants
LtY9hiL8XaOCWJxPi8sYeQ,Ben Thanh,restaurants,2.8,27,43.2597027081083,-79.8679577552908,113 James Street N,L8R 2K6,,KK5606,restaurants
dz4BFw9pOo9k0s6Q0otl0Q,Bento Sushi,restaurants,0.0,0,43.2508425,-79.8128252,1161 Barton Street E,L8H 2V4,,KI0842,restaurants
L-3OPla_SH9sQGqcIpzyAg,Bento Sushi,restaurants,0.0,0,43.23869,-79.8880709,135 Fennell Avenue W,L9C 0E5,,VI9041,restaurants
xwVB61hW9rpyp6wALR4Apg,Berkeley North,restaurants,4.3,42,43.2574045478956,-79.8677145254958,31 King William Street,L8R 1A1,,SL1432,restaurants
YkFCtf82ISv_mvE6uPUrhg,Bernie’s Tavern,restaurants,3.7,3,43.24857,-79.8213948,1101-1103 Cannon St E,L8L 2J5,,RL1099,restaurants
3512AdN0qvNtJ4bjCEexjQ,Betula Restaurant,restaurants,4.3,10,43.2680239239359,-79.9637059494853,225 King Street W,L9H 1V6,,CV0985,restaurants
UOOed6bqFpo-7vAScMmT1Q,Big Bone BBQ & Wicked Wings,restaurants,3.0,1,43.26012,-79.96787,244 Governors Road,L9H 3L4,,OT7129,restaurants
vfkD5YQqsrckRZmY8FUgBQ,Big Jay Shawarma,restaurants,0.0,0,43.262114,-79.878036,85 Queen Street N,L8R 2V5,,LD5303,restaurants
wlufwmljT2C1eNKgbF3tng,Big Top Family Restaurant,restaurants,3.3,21,43.24745,-79.83983,754 Main Street East,L8R 2J9,,GB7826,restaurants
yfOjLtmJifEnl25XK_Cdwg,Boardwalk Cheesesteaks,restaurants,4.7,9,43.246309,-79.818385,131 Ottawa Street North,L8L 1Y5,,TY8498,restaurants
tjJK_c-3sD1zyjoNBZBi9g,Bohemian Beirut,restaurants,0.0,0,43.266413,-79.957514,90 King Street W,L9H 1T9,,NG6523,restaurants
ccvY3bOziuqDnBZSAI6CoQ,Bon Temps,restaurants,4.9,10,43.25088,-79.86872,61 Young Street,L8N 1V1,,UW0339,restaurants
IiF2plGbvwKHVZf5cf8Zhw,Boom Scorch,restaurants,5.0,1,43.255107,-79.863545,187 King Street E,L8N 1B3,,TF6107,restaurants
9SSQNmfpLEK_p3otvMVy9Q,Born and Raised,restaurants,3.8,27,43.26235,-79.86626,224 James Street N,L8R 2L3,,SO6666,restaurants
BNAcQIsqR_p09FhjAk8-gA,Boston Pizza,restaurants,2.8,10,43.250709,-79.810321,1219 Barton St E,L8H 2V4,,ZR4219,restaurants
6q9ODD89p-EntewcOD8J-Q,Boston Pizza,restaurants,3.5,23,43.257349181178,-79.927749413236,1563 Main Street W,L8S 1E6,,CR1660,restaurants
wdtc0YmADRmSsgDdPn4efw,Breezy Corners Hamilton,restaurants,4.7,3,43.2431531544495,-79.8216541483998,1145 Main Street E,L8M 1P3,,IS5158,restaurants
dhK4egfr5b_OvQxBrjhwyA,Bridges Cafe,restaurants,4.3,3,43.26292707015983,-79.92126697668189,1280 Main Street W Cootes Paradise,L8S 4E8,,FL3665,restaurants
xUy8292rGVB_picXiGeQoQ,Bronzie's Place,restaurants,4.2,31,43.2505499,-79.87143,201 James Street S,L8P 3A8,,QJ9858,restaurants
OZEs_9VfTyeBEXHWyA5TuQ,Bruno's Pizza & Wings,restaurants,3.1,7,43.24774233996836,-79.84079221220793,718 Main Street E,L8M 1K9,,BD0401,restaurants
rtx069y51N0azBd-wTAdXw,Buddys Roadhouse,restaurants,2.3,8,43.2411302,-79.8223127,1360 King Street E,L8M 1H5,,RV1415,restaurants
6AgtxQl8FbRblLq6xHfOBg,Bunny Ruggz Pizza,restaurants,0.0,0,43.2630859,-79.8612078,107 Barton Street E,L8L 2W2,,HB1302,restaurants
0vw6fL9m6j_9U4vonPKwGg,Buona Vita Pizza,restaurants,4.1,11,43.262024,-79.8775857,82 Queen Street  N,L8R 2V4,,CF1462,restaurants
E_9NmcXyaI11v53LxxFhLg,Burger Bus Hamilton,restaurants,5.0,1,43.2555265,-79.8445116,126 Sanford Avenue N,L8L 5Z3,,OG8145,restaurants
cuGwVGDSsyJEgeZ8cV9jUw,Burrito Bandidos,restaurants,3.8,18,43.2617468,-79.9064182,1028 King Street W,L8S 1L5,,PF5774,restaurants
_Tl4-DH2ci_AVXq028__sg,Burrito Boyz,restaurants,3.7,44,43.2557373046875,-79.8669128417969,66 King Street E,L8N 1A6,,ZD9195,restaurants
CDBLOFp62t-KBadY4fS5dw,Burrito Brothers,restaurants,0.0,0,43.25247,-79.93889,1831 Main Street W,L8S 1H6,,OJ3847,restaurants
SRn16jLAA0DD88FGywZk9A,CIMA Enoteca,restaurants,3.3,20,43.25512,-79.88608,190 Locke Street S,L8P 4B4,,MI8474,restaurants
oGZGV89ZnJR0ex2Wsjn9Bw,Cadillac Jax Bar & Grill,restaurants,5.0,1,43.24988,-79.84917,532 Main Street E,L8M 1J1,,MG2357,restaurants
yu7r0_gPJq5-Taw8c9QbEw,Cafe Baffico,restaurants,4.8,12,43.24172,-79.82224,1375 King Street E,L8M 1H6,,BF1663,restaurants
DeIdmVqOmcLl3zEmwROiBw,Cafe Oranje,restaurants,4.2,24,43.25367183,-79.86009392,312 King Street E,L8N 1C2,,DC8156,restaurants
l6INKWfxipNEfXdf98hJdw,Calabash Restaurant,restaurants,0.0,0,43.25513,-79.83169,772 Barton Street E,L8L 3B1,,RN1345,restaurants
4mmXImKn9WJ0yK7HICJsdA,Canada Marine Discovery Centre,museums,0.0,0,43.2737793,-79.8620682,57 Guise Street,L8L 8K4,,WX0861,museums
FoJyvCTKFYBIWMMoINFPww,Canadian Football Hall of Fame,museums,4.0,1,43.2522552768681,-79.8312638327479,64 Melrose Avenue N Level 4,L8L 8C1,,VV0390,museums
JS8Jsxj5TFo2g3PAAfpTCQ,Cannon Coffee,restaurants,4.4,128,43.2474063,-79.8175491,180 Ottawa Street N,L8H 3Z3,,ZN4421,restaurants
6qvkQe9TS-yavOHUNAXoqg,Capri Family Restaurant,restaurants,2.6,34,43.25659,-79.866228,25 John St N,L8R 1H1,,WN4498,restaurants
srtIvKvLQFTY9F8WJCAD0A,Caribbean & Canadian Restaurant,restaurants,4.4,20,43.24079473731837,-79.8516661,568 Concession Street,L8V 1B1,,ZU4584,restaurants
CLnCJYBkBcJtzFZHAtjjuQ,Caribbean Flavah,restaurants,3.0,15,43.25829,-79.91107,1122 Main Street W,L8S 1C1,,EO0567,restaurants
1astxknYDdqjS_tuqWA6DA,Caro Restaurant and Bar,restaurants,4.4,48,43.242741,-79.819429,4 Ottawa Street N,L8H 3Y7,,RV8593,restaurants
16oBDbX25vdzAe8Mo9JrcQ,Caro on James,restaurants,2.5,2,43.262537,-79.86675,229 James Street N,L8R 2L2,,YY2495,restaurants
Bm4N2Sgc5Q5FHthjmWkvQQ,Castelli Cucina,restaurants,3.9,12,43.26492,-79.86576,337 James Street N,L8L 1H3,,SC3802,restaurants
V3gfaZVKzTfcPyNQICpGfQ,Centro,restaurants,3.5,2,43.26560373685686,-79.91920107070861,1280 Main Street W 2nd Floor,L8S 4L8,,QL9546,restaurants
TrKv5JUFC5fDUTqOz8FSvQ,Chagall's,restaurants,4.0,4,43.25766,-79.87124,116 King Street W,L8P 4V3,,IZ8198,restaurants
IV6Sz1nelne92_kZxtZnTQ,Charlie’s Chopsticks,restaurants,5.0,1,43.26136,-79.90644,1035 King Street W,L8S 1L6,,JD2214,restaurants
CH4A4Aa--t0A7bP1VfkMrA,Charred Chicken,restaurants,4.2,121,43.2627364,-79.8663839,244 James Street N,L8R 2L2,,GK5005,restaurants
GPJz_6GdwFu8wXYgC6q-TA,Chicago Style Pizza,restaurants,4.0,143,43.23209,-79.84764,534 Upper Sherman Avenue,L8V 3M1,,RZ2187,restaurants
cUObOuOOyU7Bvt-I5m8YBQ,Chillis and Chimneys - The Great Indian Bistro,restaurants,5.0,1,43.25573238024562,-79.86573401492875,105 King Street E,L8N 1A9,,XN2536,restaurants
QlbH0zZYAeQ_8dfS6e_ONg,China City Restaurant,restaurants,5.0,1,43.2500965,-79.8279512,49 Gage Avenue N,L8L 6Z8,,FS5332,restaurants
GQFG1uroOac6O4L6iTmCCA,Chinese BBQ Zone,restaurants,5.0,1,43.25943,-79.86708,1 Wilson Street,L8R 1C4,,ZF3767,restaurants
5Fte_X7Yxx4mH_5wmkbnCw,Chinese Dumplings,restaurants,4.3,4,43.255132,-79.8639284,165 King Street E,L8N 1B3,,UC1096,restaurants
Wb3Rs6B5y6Z-5Pdi4-j6tQ,Chung Chun Rice Hot Dog,restaurants,4.8,9,43.26130144151578,-79.90695808346305,1051 King Street W,L8S 1L6,,MB3943,restaurants
Nm1bfhG0VFeh7NoNrBeS_Q,Church's Texas Chicken,restaurants,1.7,3,43.2502441,-79.8100623,1241 Barton Street E,L8H 2V4,,SU5202,restaurants
sS3-_XTk305N31g5QuPBTw,Churrasqueira & Cafe Cantinho,restaurants,4.0,8,43.26064,-79.85274,302 Barton Street E,L8L 2X5,,GX1221,restaurants
Meg_j8SWN0wIaAV0AZjRYw,Cinnaholic,restaurants,4.5,2,43.26147,-79.9065433,1035 King St W,L8S 1L6,,MN0277,restaurants
LSlvLVzJQ94vwMsz7ama2g,Cinnaholic - Coming Soon,restaurants,0.0,0,43.261376,-79.906415,1035 King St W,L8S 1L6,,IL9576,restaurants
umyoEUIHaqy0zbVPt-2fKw,Claudio's Ristorante,restaurants,2.5,8,43.26160507907334,-79.86704490000001,191 James Street N,L8R 2K9,,GE2345,restaurants
SWZQK_4MQmsCws5MEaTZJA,Collins Brewhouse,restaurants,3.5,44,43.266390853115965,-79.95500335276125,33 King Street W Dundas ON,L9H 1T5,,BB2352,restaurants
HaCIuGPWvQ4uKrK_bdRYuQ,Conversate Steak & Seafood,restaurants,4.3,4,43.260372379181,-79.8461121358878,38 King William Street,L8R 1A1,,OX0467,restaurants
RLlN3PSKquHBim-45EGYPg,Cowabunga,restaurants,4.0,18,43.26003,-79.86806,30 Vine Street,L8R 2K8,,SD3610,restaurants
Bd6XpQEecX2Zdu1GEkdDnQ,Cowabunga,restaurants,4.4,16,43.239642,-79.866656,536 Upper Wellington Street,L9A 3P5,,LK6877,restaurants
QQ6qD3txJOv5cOLsjOTg1w,Cozy Sushi,restaurants,5.0,2,43.2527938,-79.8710431,6 Bold Street,L8P 1T2,,GN2948,restaurants
Sn0snibuo2rvXCMDYymN-w,Crown & Press,restaurants,5.0,1,43.250742261944495,-79.8168618391281,303 Ottawa Street N,L8H 3Z8,,ES6790,restaurants
UjLcwqwsakC1izyU_MOPbQ,Crystal Dynasty Chinese Restaurant,restaurants,3.2,36,43.26193,-79.87164,94 Cannon Street W,L8R 2B6,,EY7826,restaurants
BqkJd5ZI96-kpX0RHx717w,Culantro Peruvian Cookery,restaurants,3.7,25,43.2501405,-79.8487616,537 Main Street E,L8M 1H9,,NG2849,restaurants
n0eaT9uqkw1ozikjhRL9Xg,Curbside Dogs,restaurants,3.3,3,43.7704010009766,-79.6707992553711,Brampton ON L6S,,,VP8918,restaurants
JXDUlAjWjy4XCO8Kos_eXg,D's Cafe Bubble Tea,restaurants,3.8,13,43.26193,-79.87164,94 Cannon Street W Unit 2,L8R 2B6,,BM9932,restaurants
Ou8AZ5Nyr2r6hosfwrgT-w,Dairy Queen,restaurants,0.0,0,43.242547,-79.8188405,1205 Main St E,L8K 1A2,,FS0225,restaurants
Zh7FJV_rEZOzWfEsSzlFBQ,Dairy Queen Ltd Brazier,restaurants,0.0,0,43.255063,-79.831134,798 Barton St E,L8L 3B3,,JE4960,restaurants
4AxB41gPsWEUPvBZJgS-1Q,Das Schnitzel,restaurants,5.0,1,43.2462118,-79.8184547,131 Ottawa Street N,L8L 1Y5,,AP0395,restaurants
IJy2QnvHX2TnA2jnR_HvSA,Dc's Variety & Subs,restaurants,1.0,1,43.26829,-79.84159,540 Wentworth Street N,L8L 5X3,,XL7824,restaurants
l-XLixSC1BFp5l2AJ1zlVA,Debbie's Fish and Chips,restaurants,4.0,1,43.2622708992656,-79.8594022169709,150 Barton Street E,L8L 2W5,,PB9562,restaurants
5jq3oHZL0W0GvrwtqZVrlA,Deep Sea Submarine & Pizza,restaurants,0.0,0,43.2500831,-79.8279895,997 Cannon Street E,L8L 2H4,,QY7749,restaurants
SZI6H6ZNLb1YD0ij38jf7Q,Delirious Burger,restaurants,4.3,50,43.26243,-79.90546,1008 King Street W Unit B,L8S 1L4,,YK5632,restaurants
3NdTvkvimiJ8ShpCPmz7QQ,Delirious Burger,restaurants,4.7,3,43.253778133977775,-79.88649785223433,197 Locke Street,L8P 4B5,,DG7447,restaurants
J0cvSwgAH-kJs1yPgWf-Mg,Delta Bingo Centre,amusementparks,0.0,0,43.2563312,-79.8675285,45 King Street E,L8N 1A5,,OG5655,amusementparks
tYwxhSEQle8JpaWM0O_sqQ,Dengi's Kitchen,restaurants,0.0,0,43.2506408516008,-79.8329104944174,535 King Street E,L8M 1C8,,AM5068,restaurants
5Rk-xTpg7w7BqJU9e81oeg,Denninger's Foods of the World,restaurants,3.7,23,43.25381,-79.8609,284 King Street E,L8N 1B7,,WI0020,restaurants
G-V7PFbTMz3hNOXz3Kl4iA,Detour Cafe,restaurants,3.9,96,43.26653,-79.95534,41 King Street W Dundas ON,L9H 1T7,,SF2343,restaurants
96XT46IbtnGi-dEUSzrYlg,Diamantino's Pizza,restaurants,2.5,2,43.26063,-79.85098,341 Barton Street E,L8L 2X6,,SY1281,restaurants
ZkX35A8Z5IMbv4bClbxL_g,Diana's Pizza & Grill,restaurants,5.0,1,43.2483215,-79.8068695,263 Kenilworth Ave N,L8H 4S6,,HM3593,restaurants
dEQmjq2IJUXv2cdRKQYXtg,Dim Sum House,restaurants,3.1,7,43.255177,-79.86387,173 King Street E,L8N 1B3,,JE0447,restaurants
XYZirPf2pYh4BAHb9GbtVA,Diplomat,restaurants,3.9,28,43.2572440040624,-79.8670820519328,43 King William Street,L8R 1A2,,QK8445,restaurants
XZ64BQvUIDt-vS2XZsJesg,Domino's Pizza,restaurants,3.0,2,43.23977,-79.808572,1440 Main Street E Unit 2,L8K 6M3,,IH2254,restaurants
EqNatxw4vjZsRZPpKJPlnA,Domino's Pizza,restaurants,0.0,0,43.26378834249579,-79.86634610000002,275 James Street Unit 2,L8R 2L4,,FU5130,restaurants
K23h-jZDTEzlmngmNWK-Iw,Domino's Pizza,restaurants,5.0,5,43.26274,-79.95276,86 Main Street Dundas ON,L9H 2R1,,BA6037,restaurants
bAHjMao8PWhDtOwXTDkMQw,Doors: Taco Joint & Metal Bar,restaurants,5.0,2,43.2572195,-79.8783555,56 Hess Street S,L8P 3N3,,VD0107,restaurants
NQDBLx4yRhKIACnLMmLEzA,Double Star Pizza & Wings,restaurants,4.0,3,43.2558478,-79.8580871,82 Wellington Street N,L8R 1N1,,YG2838,restaurants
o-WonoWNOF1sxHBJMtHvnQ,Dough Box,restaurants,3.1,25,43.2574167,-79.9239487,1457 Main Street W,L8S 1C9,,BF4420,restaurants
obx84PO7xHXLODnZKCJCWw,Down The Street Food Co,restaurants,0.0,0,43.2482913,-79.81758271599351,205 Ottawa Street N,L8H 3Z4,,JA0704,restaurants
O2hEgVPZhgwqItd3gaX-0Q,Dragon Court,restaurants,2.5,18,43.26264,-79.90469,988 King Street W,L8S 1L1,,HE3243,restaurants
ETRx-XxJAd1xWveqC-S3Ag,Dragonpot,restaurants,5.0,1,43.260943,-79.882995,468 King Street W,L8P 1B7,,SE9648,restaurants
u6CH6CCvZFjcCN_V0urxRA,Dukes Pub Pasta & Pizzeria,restaurants,0.0,0,43.26095,-79.85251,303 Barton Street E,L8L 2X5,,DP4841,restaurants
PQKwbTLMeTSeIldSx1qnug,Dunas Verdes Cafe,restaurants,3.6,8,43.26303,-79.86658,253 James St N,L8R 2L2,,XN2140,restaurants
I8VluhPFqqy6Y1OuSdoFlg,Dundas Museum,museums,0.0,0,43.2682,-79.95932,139 Park Street W Dundas ON,L9H 1X8,,JX4155,museums
uomnLjP6PJrt1RtGvBcaug,Dundas Pizza,restaurants,3.3,4,43.27605,-79.94135,211 York Road Dundas ON,L9H 1M9,,IM9095,restaurants
eTyQy23c5WbiOChJc7eh2Q,Dundas Shawarma,restaurants,3.0,2,43.26572,-79.95234,24 King St E,L9H 1B8,,OH9922,restaurants
cIV0MUAb7hlaT9P2Ys6MUg,Dundurn National Historic Site,museums,3.9,10,43.26853,-79.88501,610 York Boulevard,L8R 3H1,,ZM5050,museums
n81p4p8C1SBxyZ1Wr3cnAQ,East City Chinese Food Take Out,restaurants,3.3,12,43.2249,-79.82835,1130 Fennell Avenue E,L8T 1S5,,NX2174,restaurants
t2qF1e6yP0yXT0j0T5rrsg,East Meets West Bistro,restaurants,2.5,2,43.2624825591184,-79.9228611096473,1280 Main Street W,L8S 4L8,,KI7159,restaurants
LOED4BIM0asDLHeG2jzlgA,East Side Mario's,restaurants,2.4,11,43.258489,-79.94142,119 Osler Drive Unit 1 Dundas ON,L9H 6X4,,OF5191,restaurants
JUtdDKVn99zox-bpo_cgrQ,Easterbrook Hotdog Stand,restaurants,4.1,41,43.289047,-79.874739,694 Spring Gardens Road Burlington ON,L7T 1J3,,KZ9360,restaurants
nko-en8E7B4jzcDrjB9CpQ,El Grito Mexicano,restaurants,5.0,1,43.26260029055808,-79.8662367,236 James Street N,L8R 2L3,,FP3997,restaurants
cYxyEDrYNAY_kHWHJEgZbg,Electric Diner,restaurants,3.4,7,43.2578,-79.86829,28 James Street N,L8R 1A1,,PU5138,restaurants
i8nQA6qFkr3TmSCZ1ukbGQ,Electric Diner,restaurants,3.7,23,43.25845,-79.878,96 George Street,L8P 3M8,,GT9798,restaurants
gPo_FGlDBwiaTl8GZfMOwg,Ellis Kitchen,restaurants,4.2,10,43.24665396751856,-79.81787567116335,148 Ottawa Street N,L8H 3Z3,,HS8108,restaurants
J4nsTwDoNwUIPT5LrlTfMg,Em Oi,restaurants,4.7,7,43.23931807651532,-79.86665239999999,542 Upper Wellington Street,L9A 3P5,,TR5080,restaurants
lVCkCUNlHDo1t8Bpy6QBiQ,Emilio's Eatery & Bakery,restaurants,2.8,6,43.26686,-79.95859,117 King Street W Dundas ON,L9H 1V1,,OC3760,restaurants
D_Wm3OKMd0z5M64mLY3JMw,Empire Burger,restaurants,5.0,1,43.259322980551296,-79.87812583034612,298 King Street W,L8P 1B1,,OA2200,restaurants
LbU8kSZO3-DwBHwpRpJcEg,Empress Wok,restaurants,2.5,12,43.25951,-79.9433823,101 Osler Dr Dundas ON,L9H 4H6,,XZ4227,restaurants
pGRXD5BMAb_v_4QIhWMDiw,Espeto Brazil Food Truck,restaurants,0.0,0,43.70075,-79.29583,Toronto ON,M4B 1B4,,MR0142,restaurants
QpcA0ywhbZq7VIZgwxYIEQ,Everest Tandoori Kitchen,restaurants,4.0,1,43.258141,-79.871022,2 King Street West,L8P 1A1,,JE6453,restaurants
XqZOIEbNX7mdIg1Cwb1RWw,Famous Recipe,restaurants,4.8,10,43.2580694,-79.8740306,158 King Street W,L8P 1A6,,JX3911,restaurants
VGhO7cGnxPci6fZ5SpZu2Q,Fat Bastard Burrito,restaurants,3.5,4,43.25951,-79.94338,101 Osler Dr,L9H 4H6,,OH4999,restaurants
41GkM7fMd87uPDY1MFOVlg,Festival Café,restaurants,4.4,5,43.25064,-79.83303,1013 King St E,L8M 1C9,,RO1361,restaurants
pLdkorlkziPeCEpUCDjM-Q,Firestone Pizza Wings & Shawarma,restaurants,2.3,19,43.25804,-79.87967,54 Queen Street S Unit 7,L8P 3R5,,RU0419,restaurants
FoDP0xRLSSwoUV5NAGchng,Firth's Celtic Pub,restaurants,3.8,5,43.241147731671,-79.8760308579615,543 Upper James Street,L9C 2Y5,,NH9473,restaurants
lNV4SuxkSSOxG-zpsn-5JQ,Fishing Sushi,restaurants,4.4,5,43.24097,-79.85299,542 Concession Street,L8V 1A9,,TA4027,restaurants
1uyQbSngbl5TY_yRszHA-g,Flavours Latin Cuisine,restaurants,5.0,1,43.234668,-79.792452,261 Queenston Road,L8K 1G9,,TS1664,restaurants
r4sCz4achOJbIj6YWtDa4w,Flora Hamilton,restaurants,4.8,8,43.25109,-79.87098,4 Young Street,L8N 1T9,,PL9327,restaurants
4q0Cr8BXx5zmSWVkhm761w,Fm Sound & Amusements,amusementparks,0.0,0,43.24535,-79.83534,34 Albert Street,L8M 2X9,,OX1793,amusementparks
94gmqxVnYkgp5TiLgRilAQ,Food Box,restaurants,3.7,9,43.2456701661846,-79.80732511729,180 Kenilworth Avenue N,L8H 4S1,,HX0552,restaurants
mY_x1PBUII7BkFnXJNkgSA,Forbidden City Chinese Restaurant,restaurants,2.6,14,43.254176397043,-79.8611821524202,273 King Street E,L8N 1B9,,JB9382,restaurants
iNswooJmWC80FjUru0E-XA,Frank & Teresa's Anchor Bar,restaurants,2.5,49,43.2581416,-79.872937,120 King Street W,L8P 1A1,,VV2577,restaurants
bqA36K-h6OBApD2U00C4lg,Freshii,restaurants,0.0,0,43.258167,-79.943141,101 Osler Dr Dundas ON,L9H 6X6,,XN2534,restaurants
LsWMvb8FGTTihrbrl7inQQ,Freshslice Pizza,restaurants,0.0,0,43.25036925455777,-79.8099755,1241 Barton Street E,L8H 2V4,,VE7067,restaurants
yeMbzzSobJisXx1ncVGq-g,Freshslice Pizza,restaurants,0.0,0,43.25307,-79.85475,473 King Street E,L8N 1C7,,NP5731,restaurants
A5n3oXSwcHR6DDR-f450ag,Friends of Hmcs Haida,museums,0.0,0,43.2710099,-79.83788,208 Hillyard Street,L8L 6B6,,IE1979,museums
QTPaDH8HpzmjDAncjBHCkg,Fuwa Fuwa,restaurants,0.0,0,43.26095,-79.90717,2 Newton Avenue,L8S 1V7,,ZX6478,restaurants
sdF75N_Oc03ZG1qUqHUobw,Gage Park Diner,restaurants,4.3,8,43.24506,-79.82929,975 Main Street E,L8M 1N2,,TU0459,restaurants
XgIuY0bC1b9qxXWQXibScg,Gate of India,restaurants,3.1,31,43.2618967,-79.866767,201 James Street N,L8R 2L2,,AF1975,restaurants
JUhE8hSxCjj5cdPKlkdf3w,General Bread & Pastry,restaurants,5.0,2,43.263778,-79.865533,298 James Street N,L8R 2L3,,OJ9020,restaurants
c7GsifuqQKpgE3hZADqQQA,General Pizza & Wings,restaurants,4.0,2,43.2610581633797,-79.8539271578193,274 Barton Street E,L8L 2X3,,WS1811,restaurants
bpK_qHqxIuv9UXyXUOijBg,Germania Restaurant,restaurants,0.0,0,43.25192,-79.84015,863 King Street E,L8M 1B5,,CD4115,restaurants
1SN-kibIZ0aRfkgwN9yYYQ,Get Baked Sweet Bar,restaurants,0.0,0,43.2593233,-79.8425188,286 Sanford Avenue N Westinghouse HQ,L8L 6A1,,QK0231,restaurants
skB2XhsDfWsA8nX2UkLFXg,Gina's Place,restaurants,4.0,1,43.23816,-79.84224,798 Concession Street,L8V 1C9,,QX7848,restaurants
7S8r20UQ8LjlduL3ltpFUA,Gino's Pizza,restaurants,2.3,3,43.2507,-79.81404,1142 Barton Street E,L8H 2V1,,RX8918,restaurants
7B1LXxQOIGTV0asdRxq3DQ,Gino's Pizza,restaurants,2.6,15,43.2572669660159,-79.9183147388152,1309 Main Street W,L8S 1C5,,EF4485,restaurants
Y2Lpae3Bqe41huly2Y2O7g,Gino's Pizza,restaurants,1.0,1,43.23365,-79.90982,640 Mohawk Road W,L9C 1X6,,ZG2319,restaurants
jbV15x2d_sVm_eH2XaULlw,Giuseppe's Italian Cuisine & Pizza,restaurants,4.1,7,43.2513402662521,-79.8446745425463,762 King Street E,L8M 1A6,,RK0729,restaurants
YBi5k9aeRpi8PczZd3VazA,Glow Juicery,restaurants,4.3,3,43.25521,-79.88558,35 Pine Street,L8P 2A2,,UT5038,restaurants
8Dqa5PrU6VQBOAXFu9TK8w,Golden Dragon Restaurant,restaurants,0.0,0,43.25842,-79.84253,539 Barton Street E,L8L 2Y9,,EZ0986,restaurants
-QNX5oGOAJqvr6PahAp6bg,Golden Tenders,restaurants,4.5,4,43.247855,-79.829075,1150 King Street E,L8M 1E8,,PZ3687,restaurants
Lz_vaZVqqw0M-zTZ8H9fDA,Grab and go Indian kitchen,restaurants,0.0,0,43.25598,-79.85783,90 Wellington Street N Unit 107,L8R 1N1,,XF7156,restaurants
nhf8PO63THI8l2Cbkb9HCA,Grand Leisure  KTV Restaurant,restaurants,3.0,1,43.25442,-79.85994,16 Jarvis Street,L8R 1M2,,NE1951,restaurants
bESbT6NPZyDfSfSlsPA5Kw,Granny's Place,restaurants,2.0,2,43.26243,-79.8659,11 Robert Street,L8L 2N8,,RO1676,restaurants
yxD4xIp0PIeijk3rnPTADg,Great Wall Restaurant,restaurants,2.9,9,43.24604,-79.80721,190 Kenilworth Avenue N,L8H 4S2,,EL9078,restaurants
Q3urZhGC4If6AGEhzDVqnQ,Green Bar,restaurants,4.6,20,43.2627485834705,-79.8662985122842,236 James Street N,L8R 2L2,,BL8760,restaurants
BvurlmNk_KOHhPwC7gxXrQ,Greenhouse Cafe,restaurants,2.0,8,43.290132294944335,-79.87607314431794,680 Plains Road W Royal Botanical Gardens Burlington ON,L7T 4H4,,JM1911,restaurants
tqWvu-0eSw3zIHCS5JCv9Q,Halal Fried Chicken,restaurants,0.0,0,43.240417900679375,-79.8503095,600 Concession Street,L8V 1B3,,AW4337,restaurants
J4YHSb0I1Bf-pe2sFUgZ4A,Halibut House,restaurants,4.0,1,43.2622566828126,-79.88898490315994,50 Dundurn Street S,L8P 4W3,,DW6588,restaurants
752Fv2jKafftvoS3Twkqyg,Hambrgr,restaurants,4.3,216,43.25721,-79.8669,49 King William Street,L8R 1A2,,DE0552,restaurants
TqMma1y2oMUn7X7CUa326A,Hambrgr Ottawa Street,restaurants,4.1,75,43.24838,-79.81775,207 Ottawa Street N,L8H 3Z4,,VN4823,restaurants
whso0yBAN6Jy3nit3rQFUw,Hamilton Children's Museum,museums,3.0,2,43.2438511,-79.8256512,1072 Main Street E,L8M 1N6,,FB3171,museums
QEEMb8Z5c26B27-lFIbwug,Hamilton Indoor Go Karts,amusementparks,2.7,3,43.25428,-79.824,193 Cavell Avenue,L8L 8C9,,BH6819,amusementparks
ciKjlKZPXRyZTixw7Pi49g,Hammerhead's On Ottawa,restaurants,4.4,22,43.24474,-79.81852,80 Ottawa Street N,L8H 3Z1,,LI2704,restaurants
DZ4BUTej-Z0g1W-JsXFufQ,Hammerheads Fresh On Locke,restaurants,5.0,2,43.2566109880824,-79.88546280326133,140 Locke Street S,L8P 4B1,,SK0578,restaurants
cJG7xTMdpy-Y4Lr58hzuyw,Hanma Japanese Foods,restaurants,4.8,4,43.2668435,-79.9581774,105A King Street W Dundas ON,L9H 1V1,,QO9104,restaurants
ItFdUxjIkl4OTXiKQ1nNHw,Harbour Diner,restaurants,3.7,65,43.2694,-79.86329,486 James Street N,L8L 1J1,,MK0336,restaurants
safSQcTBtCS0-oBBQOuy4A,Harry's Fish and Chips,restaurants,4.1,18,43.225085,-79.828481,1138 Fennell Avenue E,L8T 1S5,,KF4007,restaurants
cNrc64c_LjDEv3M6bGKIoQ,Harvey's,restaurants,2.0,3,43.25011,-79.81131,1200 Barton St E,L8H 2V7,,TC6322,restaurants
DPzwj8gqTUowk8a3b_jyKw,Harvey's,restaurants,3.0,4,43.23191,-79.85649,550 Fennell Avenue E,L8V 4S9,,VC1451,restaurants
JGTS8uZC9XwYtwISDom6-w,Heal,restaurants,3.3,3,43.240643462464,-79.8511624932541,584 Concession Street,L8V 1B1,,CL6488,restaurants
mI8NkQYtv5L3ldY-mi48kg,Hi-Line Centre Pizza & Wings,restaurants,2.0,14,43.24771,-79.82858,1150 King Street E,L8M 1E8,,KH7303,restaurants
8BWj3CORhDKsIkkpdeHL2Q,Homemade Noodles,restaurants,4.4,9,43.2554837113039,-79.8649081215262,135 King Street E,L8N 1B2,,NS1250,restaurants
Lv-hi4LUucyA_KowF281Lw,Hot Stone Pizza and Shawarma,restaurants,1.0,1,43.25831694052118,-79.8438763490738,524 Barton Street E,L8L 2Y8,,FU1119,restaurants
ykRGJTVB_FBK1U7c_WMZyQ,Hotopia,restaurants,3.2,6,43.26089389381166,-79.88295394924148,468 King Street W,L8P 1B7,,OF4448,restaurants
kAcWMEOVkUWUsB7aCGTqZg,Hotties Smashburger,restaurants,5.0,1,43.2569083205337,-79.8370677,657 Barton Street E,L8L 3A3,,ZB0942,restaurants
QqOzCsRdU34Qc9OwgnK4Zg,Hungry Traveler,restaurants,1.3,3,43.2604984,-79.8958809,648 Main St W,L8S 1A2,,RU8982,restaurants
IeE9weFnbVhyH4W5r8sHqg,Hutch's Harbour Front,restaurants,2.6,19,43.26768,-79.86827,325 Bay Street N,L8L 1M5,,IC2558,restaurants
ZupbzbIeV2yh2eN62Ru9vg,India Village,restaurants,4.5,29,43.2664559748737,-79.9578530571332,100 King Street W,L9H 1T9,,GE5546,restaurants
8YHlyfvfuesYXvg2xXEqPg,Indian Chinese Halal,restaurants,2.6,5,43.2619095,-79.8762665,239 York Boulevard Unit 2,L8R 1Y7,,XM1046,restaurants
d5RF8lZWGT13aH21kjmW4A,Indian Spice,restaurants,3.5,4,43.23800992977651,-79.87724506781711,647 Upper James Street,L9C 2Y9,,VY9008,restaurants
snVFODoci_yTIbN2IpSJdg,Indonesian's Flavour,restaurants,4.5,2,43.25905271252308,-79.87022418005407,"35 York Boulevard Lower Ground ""Hamilton Farmers Market""",L8M 1B1,,RP6412,restaurants
0wGkJFppfdlouAlC6QZ2ow,Industria Pizzeria,restaurants,5.0,1,43.2539231,-79.86700239999999,69 John Street S,L8N 2B9,,SW8559,restaurants
ReQJe2aLzar3Hj-YT86lJg,Island Hi Eatery,restaurants,0.0,0,43.24771,-79.82858,1150 King Street E,L8M 1E8,,UX6413,restaurants
5rkMOJ3VUoM_pMiFwyurGQ,JanBingo,restaurants,4.7,3,43.25711,-79.86938,2 King St W,L8P 1A1,,SI5296,restaurants
wPGWi27A9eSm3WJ11y48tg,Jax,restaurants,3.6,13,43.2665500253241,-79.9550201558197,33 King Street W,L9H 1T5,,SZ8842,restaurants
qhfNC-EVS53VOF61JzBYUQ,Jeff's Street Eats,restaurants,0.0,0,43.2697968,-79.8703824,200 Harbour Front Drive,L8L 1C8,,ZG2031,restaurants
P4zqYedJIZsHzj26Z6TqBw,Jet Cafe,restaurants,3.5,24,43.25471,-79.86374,184 King Street E,L8N 1B4,,OL5609,restaurants
dgYyMmaXD26jF4dXTSuDew,Joey Turks Island Grill,restaurants,5.0,3,43.25566318025944,-79.8856915,178 Locke Street S,L8P 4B3,,JA2113,restaurants
zobR2C2urvWgWce65SUwPQ,John Street Diner,restaurants,3.5,33,43.256759067898,-79.866281747818,29 John Street N  L8R,,,XT8429,restaurants
r-bUOVo2243ei_x5yejXAg,Jonny Blonde Foodtruck & Catering,restaurants,5.0,1,43.2619952,-79.8986657,17 Paradise Road S,L8S 1S1,,QE2008,restaurants
dp0smMHNP_Kk6nz4Fj7Ucw,JoyInn Restaurant,restaurants,2.3,4,43.24460874803663,-79.81867474,74 Ottawa Street N,L8H 3Z1,,UI2948,restaurants
TTg2WCLJ6RVbObGieP3eAw,Joya Sushi,restaurants,3.9,45,43.25663137913681,-79.93456139590667,1685 Main Street W Unit 150,L8S 1G5,,YW8168,restaurants
LYzRTsVRvpJ1yZeMLhFLqQ,Junction,restaurants,0.0,0,43.23788759262316,-79.87789813850543,630 Upper James Street,L9C 2Z1,,TY5558,restaurants
P-mrlAfTWFEzRahZ3yr5sw,K.W. BBQ KITCHEN,restaurants,3.0,3,43.26264348047502,-79.87782094627619,103 Queen St N,L8R 2V5,,XP7258,restaurants
XyyH1IBDRSrlBfyAdSVkAA,KFC,restaurants,1.0,2,43.25849,-79.94142,119 Osler Drive,L9H 6X4,,IH6936,restaurants
oLFHbp5niPVX-hkzN5qyxw,KFC,restaurants,2.2,6,43.25761,-79.85359,307 Cannon Street E,L8L 2B7,,YI9287,restaurants
52dcydQ2vTnO3X7J5RxxXg,KFC,restaurants,2.0,4,43.2329411,-79.9088538,580 Mohawk Rd W,L9C 1X6,,AF8451,restaurants
YLPa-fjyQWRAoiBsQ_F0qg,KFC,restaurants,1.1,7,43.2539912,-79.8274841,856 Barton Street East,L8L 3B4,,XI8894,restaurants
Cg0WEknzjnguRylTcf1pEQ,Kenzo,restaurants,4.0,26,43.256548097485,-79.8681968450546,21 King Street E,L8N 1A1,,NW6321,restaurants
uRuvVb60JVuiaRienOXGCQ,Khansama,restaurants,0.0,0,43.2411024,-79.8120445,1357 Main Street E,L8K 1B6,,DF5828,restaurants
lqgwxW7hmRGrH8AmQm0UGQ,Koi,restaurants,3.0,8,43.25821,-79.87743,27 Hess St S,L8P 3M7,,PJ4229,restaurants
C__-O_PQ0LJ3LPtAVa9-ag,Korea House,restaurants,3.8,25,43.2579156,-79.854948,281 Cannon Street E,L8L 2B4,,YC1663,restaurants
THIMIgHHKfGnJFMrKb_tWw,Kustras Best Value Food,restaurants,0.0,0,43.25587,-79.83255,749 Barton Street E,L8L 3A9,,GA1589,restaurants
vqyK2q3zJ74TIT1-7Bf3Tg,La Luna,restaurants,3.8,68,43.25942165323912,-79.87848757635106,306 King Street W,L8P 1B1,,TS3361,restaurants
btpvDmWdgYZ5dNceARFeIw,La Luna Express,restaurants,2.9,10,43.261053,-79.853078,281 Barton St E,L8E 2K6,,HC2623,restaurants
L_N4i-M5jEuUFuCc1C79Rw,La Luna On the Mountain Restaurant,restaurants,2.9,11,43.23973,-79.84792,650 Concession Street,L8V 1B8,,NR8831,restaurants
z3_0XFA_EHiUD18AnYMGpw,La Piazza,restaurants,3.5,4,43.2580348,-79.9194055,1280 Main Street W,L8S 4L8,,HD7895,restaurants
kNn6nu55-0DYEwfG-XGGKw,La Piazza Allegra,restaurants,3.5,14,43.25139,-79.8717,180 James Street S,L8P 4V1,,AL6519,restaurants
5FBwlnRMDi_ZkI6CF6_EtA,Latin Food & Products,restaurants,4.5,4,43.2589679,-79.8693481,35 York Boulevard,L8R 3K7,,VI2937,restaurants
JIvEKK68SLZAsybD4ozqcA,Lava Pizza & Wings,restaurants,2.7,38,43.2630097,-79.9006621,876 King St W,L8S 1S4,,MB9137,restaurants
Jcu-DsKpGY4C2yWRGOAt9w,Lazio Pizza & Wings,restaurants,3.0,7,43.2521509,-79.8190612,1022 Barton Street E,L8L 3E4,,BG6792,restaurants
8XyeIfAdy5j32BAH8n9yjA,Le Bella Pizza,restaurants,4.0,2,43.2252,-79.8292699,1120 Fennell Avenue E,L8T 1S5,,NT5346,restaurants
roIlGvr_OSSYpPbgnGwOwA,Le Tambour,restaurants,0.0,0,43.2650247,-79.8657226,345 James Street N,L8L 1H3,,IH0928,restaurants
hPMH2aK-w4EvA8B2yrGkUw,Lee's Take Out & Delivery Service,restaurants,2.2,10,43.25267,-79.93885,1825 Main St W,L8S 1H6,,IM9368,restaurants
L_LfaIydUDUe_SU2eYLbzw,Lemon and Ice,restaurants,5.0,1,43.23842,-79.842877,780 Concession Street,L8V 3R6,,TF7255,restaurants
FfB3oFRvOzlC5PdLJZkKxQ,Little Asia,restaurants,4.6,11,43.26567,-79.95219,36 King Street E Dundas ON,L9H 1B8,,XL3514,restaurants
0HLXj1vP9gQIGV2dLIKJew,Little Caesars,restaurants,5.0,1,43.25700341890553,-79.93418492883654,1685 Main Street W Unit 180,L8S 1G5,,BC9565,restaurants
wGc2S-AqNhNdrQpsuEiCGg,Little Caesars,restaurants,0.0,0,43.26588,-79.95105,49 King Street E Dundas ON,L9H 1B7,,RX3771,restaurants
rIC85Cm5KTqs-5o9IH2SWQ,Little Caesars Pizza,restaurants,0.0,0,43.24998201318407,-79.84797611481912,557 Main Street E,L8M 1H9,,CM1184,restaurants
vplGQ-jYFg43VyaYrj1NeQ,Little Caesars Pizza,restaurants,0.0,0,43.2631729,-79.9007824,876 King St W,L8S 4S6,,HV5987,restaurants
zXeMrIjynsnFdwfN38FMLg,Loaded Pierogi,restaurants,4.2,5,43.26373,-79.86645,275 James Street N Unit 3,L8R 2L4,,WP1596,restaurants
M55296Gw_K9Pzi0u-FyymA,Lucky’s BBQ,restaurants,5.0,1,43.2585369,-79.87879954135238,116 George Street,L8P 1E2,,PH7327,restaurants
L3zSyRZQEeRzAkkHLgAxtw,Lulu's Shawarma,restaurants,4.3,43,43.25692,-79.86584,32 John Street N,L8R 1H3,,PZ3696,restaurants
pcsS_FI0pmQgDjSaGg2ydQ,MERK,restaurants,4.3,15,43.24788,-79.81788,189 Ottawa St N,L8H 3Z4,,XF2716,restaurants
3xgdFtqUHcRosOnu3-B6fg,Maccheroni Cucina Alfresco,restaurants,3.4,13,43.257795,-79.926349,1560 Main Street W,L8S 1E7,,UI9352,restaurants
PD1Q5P0TbkXC9oXo31Udkw,Made Pho You,restaurants,4.1,28,43.2352219,-79.7975311,130 Queenston Road,L8K 1G6,,NZ5072,restaurants
9vFIZx3oc54SORnCEPtbgQ,Mahal Restaurant,restaurants,3.6,14,43.2318306,-79.8470612,527 Upper Sherman Avenue,L8V 3L9,,KN7003,restaurants
oW4LmHyOPPI7piI-Jz5-Bw,Maipai,restaurants,4.4,17,43.25726,-79.83817,631 Barton Street E,L8L 3A1,,XG5833,restaurants
VD1YD4oALbOUWUspR4_3fQ,Mancala Monk Board Game Cafe,restaurants,4.9,8,43.2475,-79.81656,1229 Cannon Street E,L8H 1T8,,ZR6937,restaurants
5L7DZSrd_ta2dynLocskWg,Mandarin Restaurant,restaurants,4.5,2,43.25134317378551,-79.8099821711638,S01-1223 Barton Street E,L8H 2V4,,RG4131,restaurants
FJKnmkaXYVQBkcYvmYbA-A,Maple Leaf Pancake House,restaurants,3.0,25,43.25788,-79.92354,1520 Main St W,L8S 1E3,,YU0594,restaurants
C6Ul9_QUUW10EAcgqDbZQQ,Mario's 2 For 1 Pizza,restaurants,3.0,2,43.25033802411573,-79.83320961979406,1016 King Street E,L8M 1C8,,ME5625,restaurants
fEXqc6CrLArZeJqKPAyVHg,Martello,restaurants,3.0,7,43.26378,-79.86553,298 James Street  N,L8R 2L3,,OD0296,restaurants
0wxzpKL4YmOaU-rZXgSj8w,Masala Corner,restaurants,4.5,2,43.25925,-79.89987,807 Main Street W,L8S 1A2,,AM4852,restaurants
Y6EkeBfz0jylsDr1kr1NhQ,Master's Pizza 2 For 1,restaurants,0.0,0,43.26572,-79.95234,24 King Street E Dundas ON,L9H 1B8,,PZ4699,restaurants
pBgx2weWGcRrYrqoCpBLhA,Masters 2 For 1 Pizza & Wings,restaurants,0.0,0,43.24772,-79.8179,181 Ottawa Street N,L8H 3Z4,,PT9063,restaurants
la8hiZjPIyLuj9Gq59z1ng,Maya’s Eastern Bakery,restaurants,0.0,0,43.25152024826584,-79.84195072721486,829 1/2 King Street E,L8M 1B1,,BO1853,restaurants
2I5QhP5AYsrX-thT4TznJA,McDonald's,restaurants,1.2,11,43.2651880468441,-79.9497877025959,10 Cootes Drive Dundas ON,L9H 1A9,,KT5097,restaurants
CT9EUVzRCdKt788x8Y7Drw,McDonald's,restaurants,1.1,7,43.2445288,-79.8255335275718,1268 King Street East,L8N 1G8,,PA3532,restaurants
v1hfabplC-E7jw51UVDC5A,McDonald's,restaurants,3.1,17,43.2602624793537,-79.8900094844083,50 Dundurn Street South,L8P 4W3,,WN2089,restaurants
CRFBrkRUUW3AwNldZZnEUg,McDonald's,restaurants,1.9,9,43.2554368371411,-79.8306591,787 Barton Street,L8L 3B2,,CT0180,restaurants
_v-aeGnvJnJoKImcqOwAcQ,McMaster Museum of Art,museums,0.0,0,43.262759789832,-79.91812399365438,1280 Main Street W McMaster University,L8S 4L6,,EV2982,museums
9WQsmsXdmTRsoeRcz-Ujsw,McQueen's Banh Mi Viet,restaurants,4.4,7,43.262805700738,-79.8777566935269,103 Queen Street N,L8R 2V5,,VJ6475,restaurants
1jd1vBl_feakkOue29NVIQ,Meltwich,restaurants,3.1,7,43.25894,-79.87629,236 King St W,L8P 1A9,,AC4937,restaurants
xaGhdAc8lwydRWMXNXeVqQ,Mendonça Café,restaurants,0.0,0,43.2592196028682,-79.8462335765362,457 Barton Street E,L8L 2Y8,,PO6537,restaurants
2dRtRFcwhmxTGBUi87LAAA,Menya Kyu,restaurants,5.0,1,43.25218,-79.8714,154 James Street S,L8P 3A2,,PQ1348,restaurants
YGPmtIFExK1InW_zafl4MA,Mesa,restaurants,4.1,56,43.26306,-79.86645,255 James Street N,L8R 2L2,,WN4481,restaurants
PUrIAfvclMBH20rtvjRehA,Mike's Subs,restaurants,3.8,13,43.24584,-79.81808,122 Ottawa Street N,L8H 3Z1,,XJ3250,restaurants
_jhsZzKT5-H5tXoqNTrtaw,Mikel Coffee,restaurants,5.0,1,43.262429,-79.905462,1008 King Street W,L8S 1L4,,ZJ4675,restaurants
szEDv2mCXuTS030AXlsKCQ,Mimi’s Asian Gourmet,restaurants,4.5,2,43.2514005,-79.8356242,971 King Street E,L8M 1C3,,LA2236,restaurants
omGZDkK0BIAeuUNbzndPKA,Miss Lyn's Wings,restaurants,4.0,5,43.2523,-79.8491,667 King street  E,L8K 1T1,,LS3845,restaurants
bANG607IHmCt6NgFa7NIrA,Montfort Mediterranean Grill Express,restaurants,3.0,2,43.250783,-79.807838,1275 Barton Street E Centre Mall,L8H 2V4,,BN3970,restaurants
ZgoVlQmApvjWt-0evoeoGQ,Moodys,restaurants,3.9,15,43.25821,-79.87853,107 George Street,L8P 1E3,,GW1075,restaurants
R3vynTtGXFYmsYEHEVQHOQ,Motel Restaurant,restaurants,4.4,65,43.26045,-79.85008,359 Barton Street E,L8L 2X8,,JB4976,restaurants
PJyo51aH7nYl4s_E5PNb2A,Mother's Vietnamese Kitchen,restaurants,2.5,4,43.2641254814542,-79.8595403507352,145 Barton Street E,L8L 8A8,,KJ5483,restaurants
KrvHV0kJlf8XzVChZHSzJA,Mr  Gao,restaurants,3.4,36,43.2574011222949,-79.9281700470045,1561 Main Street W,L8S 1E6,,UC6138,restaurants
QcTFzyThioEhxMEKh-I9Hw,Mr Beast Burger,restaurants,4.0,1,43.248686,-79.817039,224 Ottawa Street N,L8H 3Z6,,CT2495,restaurants
8By5FIyw81Ld_LQBuCI-HA,Mr Sub,restaurants,5.0,1,43.2581599,-79.91173,1144 Main Street W,L8S 1C1,,SQ8301,restaurants
ck9wVogpnUx1JD1PZiZ5wQ,Mr. Dumpling Express,restaurants,2.7,13,43.2607174625623,-79.8896683369355,50 Dundurn Street,L8P 4W3,,AX6510,restaurants
sGNgnHk9-26MWapxclnL1A,MrBeast Burger,restaurants,0.0,0,43.240835,-79.850439,581 Concession Street,L8V 1B2,,AH0752,restaurants
RRnbO5NZq716CC8emwWedg,Mulberry Coffeehouse,restaurants,4.2,78,43.26202675801636,-79.8669883,193 James Street N,L8R 2L2,,WY4403,restaurants
QigQZiI8BB9ZTIi2r9tjKw,My Buddys,restaurants,3.8,12,43.23306,-79.85883,441 Av Fennell E,L9A 1V2,,QQ5259,restaurants
E3VovXYlH2RvnsksrMZE_w,My-Thai Restaurant,restaurants,3.6,20,43.2566,-79.8665,21 John St N,L8R 1H1,,LA0385,restaurants
pxIcps8mba2WypTvDraVQw,Mystic Ramen,restaurants,5.0,6,43.2571528984286,-79.8669049,51 King William Street,L8R 1A2,,ZA8102,restaurants
uKVClBhMS6aepljE3Uk-sA,NOODLE ME,restaurants,4.0,24,43.25943,-79.86708,1 Wilson Street Unit 7,L8R 1C4,,AN6729,restaurants
fVwQoTb89QQ1pzrqxnL1Pg,Nabil’s Grill,restaurants,4.3,4,43.25943,-79.86708,1 Wilson Street,L8R 1C4,,XS2196,restaurants
669ZhZYfo9awfyZcxv-CxQ,Namu,restaurants,4.3,34,43.26714,-79.96198,186 King Street W Dundas ON,L9H 1V4,,EZ1654,restaurants
BWsS_MUT4TnIq-C6P8oXZQ,Nannaa,restaurants,3.4,15,43.2623614811455,-79.9054765328765,1010 King St W,L8S 1L4,,PM1889,restaurants
8QUSXGBciuLK6ry2GgtDQA,National Pizza,restaurants,0.0,0,43.24798,-79.94323,1960 Main St W,L8S 4N5,,VZ1673,restaurants
tAYYWjlMgdKDxnYLJ-ci7w,Nellie's West City Fish & Chips,restaurants,0.0,0,43.2335982,-79.9214236,801 Mohawk Rd W,L9C 6C2,,FC2749,restaurants
jBIkTQngRFErfB8TYcgEeA,New Crowbar Restaurant,restaurants,0.0,0,43.26243,-79.85976,144 Barton Street E,L8L 2W4,,WJ3485,restaurants
4tc71SinGhyxuTgsW8QirQ,Niva Pizza & Wings,restaurants,5.0,1,43.2534838,-79.82359,927 Barton Street E,L8L 3C4,,TU1869,restaurants
jUrejcE0QkbjF_Kk3Y-0Xg,Noodle Bar,restaurants,2.7,3,43.2554417330599,-79.9287002943386,1579 Main Street W,L8S 1E6,,YN6253,restaurants
efwn51Hg9Dcvg1Ocd3bVvQ,Noodle and Dumpling,restaurants,4.4,8,43.2546275982512,-79.8626315966249,220 King Street E,L8N 1B5,,VM0123,restaurants
4gHMBulwk_lET-O-ONFxag,NoodleBox,restaurants,3.0,1,43.25025,-79.81007,1241 Barton Street E Unit Q8,L8H 2V4,,WB2614,restaurants
RapNElCnEl791iACjfIxnw,North End Pita,restaurants,5.0,2,43.2724743719229,-79.8618086320037,574 James St N,L8L 1J7,,FZ1872,restaurants
G-0Glp0AHGFWzfuMuu4yVQ,OKO Bagels ,restaurants,5.0,1,43.259918,-79.867288,118 James St N,L8R 2K7,,CR7665,restaurants
imYB5BSvItAiGjMuSOuifQ,Old Bagel House,restaurants,0.0,0,43.25806021109915,-79.942945,120-101 Osler Drive,L9H 4H6,,PM3841,restaurants
71IHvl03cYIvtEk_vjfjCg,One Duke Tavern,restaurants,3.6,27,43.25152,-79.87206,1 Duke Street,L8P 1W9,,UG5838,restaurants
4OFO3wGF_7JzRuXKMUF75Q,Original Pizza,restaurants,3.7,7,43.2403199,-79.8105,1388 Main Street E,L8K 1C1,,KX8432,restaurants
ft63hoz4hQCPFfcJyLJL9w,Osmow's,restaurants,4.0,2,43.25849,-79.94142,119 Osler Drive Dundas ON,L9H 6X4,,UQ4586,restaurants
cfXp2fVtCUu7wwhDUo7ObQ,Osmow's,restaurants,2.4,9,43.2494091,-79.8063419,1317 Barton Street E,L8H 2V4,,KQ7995,restaurants
3YjGdXZK0RwaqJyJ5i5gow,Ottawa Market,restaurants,5.0,1,43.24803,-79.81718,204 Ottawa St N,L8H 3Z5,,TX5709,restaurants
9SUtOGpzd2BqhEbPAE6Sjw,Pagoda Caribbean Cuisine,restaurants,0.0,0,43.242007,-79.816356,1247 Main Street E,L8K 1A8,,NJ0264,restaurants
NJR1JES4tu0ZszK_OQFaUQ,Pane Fresco,restaurants,2.0,1,43.2554931991913,-79.9288488661469,1579 Main St W,L8S 1E6,,KH6270,restaurants
LGACVGFFxRxxijtFpWK-Sg,Panini and Ice cream,restaurants,4.2,26,43.2394087,-79.8051756,1505 Main Street E,L8K 1E1,,OF9796,restaurants
Wetozj0m3UELjwT_3pvj5w,Papa Johns Pizza,restaurants,2.0,6,43.25104,-79.81561,1096 Barton St East,L8H 2V1,,TO7964,restaurants
a9yKkbiXq0E0s4P2EUMd9Q,Papa Johns Pizza,restaurants,2.5,6,43.25893902087081,-79.90186359210183,875 Main Street W,L8S 4P9,,OM9405,restaurants
1E7ww2xRfk6GKEw5HRg4qg,Papagayo Restaurant,restaurants,3.8,12,43.25902,-79.87646,246 King Street W,L8P 1A9,,NK6657,restaurants
RAs4K_oXm0vkyXY_4vthdw,Parkdale Fish & Chips,restaurants,4.6,14,43.23777,-79.7918,55 Parkdale Avenue N,L8H 5W7,,GM5624,restaurants
zkPYaZka8B3tD85OaE_-3A,People Under The Staircase,restaurants,5.0,1,43.26329,-79.88786,27 Dundurn Street N,L8R 3C9,,BI8340,restaurants
4s7UTGxLY3sV7iRZAQKegw,Perogie Bar,restaurants,0.0,0,43.26568,-79.94908,72 King Street E Dundas ON,L9H 1C2,,MM7364,restaurants
GIjr9JsXwtUAWhTFo9VBHg,Peruviano,restaurants,3.8,5,43.25299,-79.88692,254 Locke Street S,L8P 4B9,,TZ7431,restaurants
NsqaVM2s7D5scME-quzOxg,Peter Pan Fast Food Restaurant,restaurants,0.0,0,43.25764,-79.93134,1630 Main Street W,L8S 1G3,,OT1092,restaurants
R-mRpsG8AMytjd5spNDtMQ,Pho Asparagus,restaurants,4.5,2,43.2597392638895,-79.8488875923641,387 Barton Street E,L8L 2Y2,,HW1086,restaurants
_p2LqQ5hrPiGxn7owsp9eQ,Pho B&T Viet Thai Restaurant,restaurants,3.0,1,43.25972,-79.86811,113 James Street N,L8R 2K6,,JL8096,restaurants
AQ1M0uYOsgNlynTg8lBSmA,Pho Dui Bo,restaurants,3.5,33,43.2607973988137,-79.8665680736303,15 Cannon Street E Unit 2  L8L,,,LP4242,restaurants
PlMY_fB4_n7Ytu84O4bXVQ,Pho Excellent,restaurants,5.0,1,43.2582044,-79.9108457,1120 Main Street W,L8S 1C1,,OO1736,restaurants
KlShqEAvqRFUYJafx56tkQ,Pho Hamilton,restaurants,4.8,8,43.261299,-79.8707656,115 Park Street N,L8R 2N2,,MJ6897,restaurants
hokatJ4ORfrw_4dClPC16Q,Pho Lac Vien,restaurants,4.2,21,43.2653164,-79.8808978,430 York Boulevard,L8R 3K8,,CT9624,restaurants
8lu0CwWE23_rbEinKQ7dig,Pho My-Tam,restaurants,2.8,5,43.26289,-79.85973,145 Barton Street E,L8L 8A8,,AR4176,restaurants
ouKTL8ajZ2BGPRf33xwGWA,Pho Nhung,restaurants,4.4,22,43.26239,-79.87797,85 Queen St N,L8R 2V5,,TZ8415,restaurants
PF7-hE3bYP6dL9nXDxiIRw,PinToh,restaurants,4.6,5,43.256598,-79.86653,21 John St N,L8R 1H1,,MT7542,restaurants
VUHvOv0gV4S4TbfHK3AmtQ,Pinks,restaurants,3.8,24,43.25750562,-79.91884597,1335 Main Street W,L8S 1C6,,DF1872,restaurants
fNfZ0bOEvXOxMP1vDEDi8w,Pirate Life Theatre,amusementparks,0.0,0,43.268525,-79.870901,200 Harbour Front Drive,L8L 1C8,,DR9371,amusementparks
AhbQMW5iC9jhXNc7gYyH5w,Pita Pit,restaurants,4.8,6,43.2614265,-79.9075946,1056 King Street West,L8S 1L7,,FH8121,restaurants
b9VBRiK8JbLUnMEoDGw8_w,Pita Pit,restaurants,5.0,1,43.2494091,-79.8063419,1317 Barton Street  E,L8H 2V4,,YU0112,restaurants
yQzQgB_PKZZRxvv2DNtOUA,Pita Pit,restaurants,5.0,1,43.26588,-79.95105,49 King Street E Dundas ON,L9H 1B7,,PG1612,restaurants
abXIK6WTZMlvYkAoWJughA,Pita Pit,restaurants,2.0,5,43.23775,-79.87723,649 Upper James Street,L9C 2Y9,,CW9722,restaurants
DVJ6ZbgTx47SVoIojBSoSA,Pita Pit,restaurants,0.0,0,43.23816,-79.84224,798 Concession Street,L8V 3T1,,UD3686,restaurants
TdRUcHc224bG2CmuwfeAdw,Pizza Fiamma,restaurants,0.0,0,43.25816524479368,-79.87952203273451,54 Queen Street S Unit 7,L8P 3R5,,XS5544,restaurants
MPC2EumgRMBr9qT1AJKU6Q,Pizza Hut,restaurants,2.5,2,43.26007,-79.96771,238 Governors Road Dundas ON,L9H 3K2,,ZQ2140,restaurants
BoIS3nw0UHM4PtHWkfMZpg,Pizza Hut,restaurants,2.5,2,43.262115,-79.886346,610 King Street W,L8P 1C2,,QM3798,restaurants
BuL3MkzocHnCGlzC76SbHQ,Pizza Nova,restaurants,2.0,4,43.2622078,-79.9058477,1016 King St W,L8S 1L4,,RF8726,restaurants
heSdGLIQOfBicfxfiOqGzA,Pizza Pizza,restaurants,5.0,1,43.2416399,-79.81497,1281 Main Street E,L8K 1B1,,GA7223,restaurants
GIb4YgY__nLItVddSe2Uuw,Pizza Pizza,restaurants,4.0,1,43.2438922,-79.8247115,1294 King Street E,L8M 1N5,,CB8754,restaurants
O3Jl_OM_Wq6L6fPlENpzzg,Pizza Pizza,restaurants,1.0,3,43.265991,-79.950991,49 King Street E Dundas ON,L9H 1A9,,ZO2602,restaurants
vobj9hR1mUYtSWUvlrvZHA,Pizza Pizza,restaurants,2.5,6,43.2606780417789,-79.8896347910949,50 Dundurn Street S Unit 4,L8P 4Y8,,PP1142,restaurants
TFDPDevf_zHRcjL38JCuhQ,Pizza Pizza,restaurants,5.0,1,43.25925,-79.89987,815 Main Street W,L8S 1A2,,HW5871,restaurants
Vi04c9JvC7b6wYg8Yw6JuQ,Pizza Studio Canada,restaurants,0.0,0,43.2498173,-79.8081514,1275 Barton Street E,L8H 2V4,,NP6073,restaurants
Tkv0leLL5RX1gQVqi3ej_Q,Pizza World,restaurants,4.0,1,43.2512742,-79.8519943,447 Main Street E,L8N 1K1,,LJ0942,restaurants
FfYqWKGttQy8D3RolU2b3w,Pizzaiolo,restaurants,4.0,1,43.26181384820656,-79.90512133202215,1009 King Street W,L8S 1L3,,WP6900,restaurants
SApmhNtwndPzwsM5haVKIg,Pizzaiolo,restaurants,0.0,0,43.247981,-79.817793,191 Ottawa Street N,L8H 3Z4,,OZ3850,restaurants
gyABOVs3wlx9ITJXaclqzw,Pizzaiolo,restaurants,3.0,2,43.25481220930722,-79.88579884110374,205 Locke Street S,L8P 4B5,,EH3858,restaurants
yVwH86VDA0QzPMUPo07mog,Plank Restobar,restaurants,4.7,3,43.25199251679616,-79.87041808059394,18 Augusta Street,L8N 1P7,,XH3930,restaurants
o_CBe1ZQs6kj-Aet2qmL5A,Planted in Hamilton,restaurants,4.3,41,43.2544526,-79.88574799999999,211 Locke Street S,L8P 4B6,,KH6988,restaurants
bXaSThGisMjuy6_6WiQihQ,Plaza Pizza & Wings,restaurants,3.9,14,43.25597,-79.8578262,90 Wellington Street N,L8R 1N1,,FD6735,restaurants
4aIYbBVgFMc527DeDCGY2w,Popeyes Louisiana Chicken,restaurants,2.1,7,43.2564189,-79.9358334,1711 Main Street W  L8S,,,RP1742,restaurants
vzj0V0ISqSiWH8Zca-j5yw,Popeyes Louisiana Kitchen,restaurants,5.0,1,43.2498173,-79.8081514,1275 Barton St E,L8H 2V4,,AN9771,restaurants
VuzHMIIxvFxJHcu2mmggxA,Porcelain Hotpot & Lounge,restaurants,4.0,2,43.2582568257074,-79.91105624378994,1122 Main Street West,L8S 1C1,,PU3535,restaurants
vOY1gkxqVlXaYnfgV3H1Ww,Power Pizza,restaurants,3.5,4,43.24632,-79.81782,134 Ottawa Street N Unit 4 & 5,L8H 3Z3,,JP0733,restaurants
ahHeOEsxRfbVIi-kArtslg,Prime Pita,restaurants,4.8,4,43.2572554803498,-79.9179146066308,1309 Main St W,L8S 1C5,,ZT8354,restaurants
1ZK0kM9oCX5wIM8TIcSSYg,Punjabi Shaan,restaurants,5.0,2,43.250192,-79.848761,537 Main Street E,L8M 1H9,,ID8424,restaurants
6Dllc3lnPfr8rXZ-GH1aIw,Purple Pear,restaurants,4.2,24,43.2530719,-79.8232905,946 Barton Street E,L8E 5H3,,WI6968,restaurants
oH0timJDs4E4oJ8DY-Y6XQ,Quatrefoil Restaurant,restaurants,4.6,66,43.26724881185133,-79.95686937625564,16 Sydenham Street Dundas ON,L9H 2T4,,PG1165,restaurants
wslGqPdRyWNpdaMWRXOdiQ,Queen S Subs II,restaurants,0.0,0,43.24595,-79.82688,1218 King Street E,L8M 1G5,,BB3109,restaurants
edfrEb-q4HkKIh0pv-bxcA,Queen's Pizza & Wings,restaurants,2.6,60,43.25379,-79.88139,178 Queen Street S,L8P 3S7,,ZV3575,restaurants
GOKjRtddiIJ5oVUriEzIeg,Queen's Pizza & Wings,restaurants,1.4,7,43.25113,-79.84123,838 King Street E,L8M 1B4,,SK9878,restaurants
aA4JfX5SJRcGS9TOZKWnOA,Queens Pizza And Wings,restaurants,0.0,0,43.247761,-79.841008,716 Main St E,L8M 1K9,,CG2044,restaurants
LeU3sTQrSkF6q1a-bJMNPQ,Quik Chik,restaurants,2.5,4,43.25743,-79.91877,1331 Main Street W Unit 2,L8S 1C6,,FW8522,restaurants
zldX2jhIDUBJzaEPYiSWUQ,Radius,restaurants,3.2,100,43.2523512,-79.8708333,151 James Street S,L8P 2Z5,,KE3001,restaurants
ldheH4krrd_Q-Cs0h_QZrA,Rankin's Bar & Grill,restaurants,4.0,7,43.24067,-79.81236,1342 Main Street E,L8K 1B5,,ER5697,restaurants
h85ZFslnsolmQUv9fzaiDw,Rawlicious,restaurants,3.7,6,43.2617583850366,-79.9066768173607,1044 King Street W,L8S 1L5,,FW7794,restaurants
uZCd2hmCCHZZCLz7Hz72aQ,Ray's Galley Fish and Chips,restaurants,0.0,0,43.252488786424486,-79.93904552990462,1831 Main Street W,L8S 1H6,,AR7327,restaurants
CWpmlU2D7FcZMLyJwHgi_g,Real At O’Neill’s,restaurants,2.3,34,43.249063,-79.804004,1374 Barton Street E,L8H 2W3,,JS8412,restaurants
F2ddLTZFBCy01BhsnOYLqg,Red Door Park Royal,restaurants,0.0,0,43.2592183,-79.902675,Unit 3C - 900 Main St  L8S,,,MG4836,restaurants
wSFk6HXQdBTwvwjiogO_rA,Red Rockets,restaurants,2.9,14,43.25407,-79.85929,15 Wellington Street N,L8R 1M7,,UV9631,restaurants
wZr3xBFhGfYMY-mqwsQuNQ,Redchurch Cafe + Gallery,restaurants,4.4,28,43.25551,-79.86725,68 King Street E,L8N 1A6,,DK5207,restaurants
KCOXSSDJe3h5BAtb-kIdhQ,Ria's Kitchen,restaurants,0.0,0,43.260184,-79.927942,63 Binkley Cres,L8S 3K8,,UN1974,restaurants
DDsOckOHDIHGkWHdfz0Lcg,Right Wingers,restaurants,3.9,14,43.2521846,-79.9398027,1846 Main St W  L8S,,,CI5256,restaurants
PSZOaz0UCocbb-yaGcWASQ,Rise Above Pizza & Wings,restaurants,3.7,3,43.263368,-79.8659742,274 James Street N,L8R 2L3,,NS1786,restaurants
MvKjUam5MXhqyvivAtCxcA,Rock Garden Bistro,restaurants,4.0,1,43.28925026638369,-79.8917273676176,1185 York Blvd,L0R 2H9,,YF4405,restaurants
1rLF4DbqyP1RyyrVQQoFxw,Rosales diner,restaurants,5.0,3,43.2525612,-79.8918704,303 Dundurn Street S,L8P 4L4,,JF2457,restaurants
-u30CMh-ZgpOjBI25F7CZg,Rose Garden Family Restaurant,restaurants,3.4,10,43.2912471,-79.8802508,1124 Plains Road W Burlington ON,L7T 1H3,,VS8148,restaurants
fSDLTksnphwPJ4ZXHbxYIQ,Royal Pizza & Wings,restaurants,3.0,22,43.25139,-79.8717,180 James Street S,L8P 4V1,,YB1449,restaurants
y3Aou0YRHXTEVm6-YtDrKQ,Royal Spice,restaurants,3.0,2,43.24031,-79.80841,1443 Main Street E,L8K 1C4,,DP0920,restaurants
t_TwVRREm7jHWGr69us6gQ,Royal Spice,restaurants,5.0,1,43.25675,-79.934628,1685 Main Street W Unit 160,L8K 1C4,,IO6396,restaurants
GL_qt7r-Cj078pGDbBpToA,Rustic Reuben,restaurants,4.9,8,43.2516002795,-79.8714936667,180 James Street South,L8P 4V1,,VY1177,restaurants
PAVNadox4HMXl-xdsjbjhg,Sagarmatha Curry Palace  Authentic Indian & Nepalese Cuisine,restaurants,3.8,43,43.25725,-79.86708,43 King William Street,L8R 1A2,,QV4282,restaurants
pkz5m1bZCBoouPeS5Cva2Q,Saha,restaurants,5.0,1,43.2475,-79.84265,28 Eastbourne Avenue,L8M 2M7,,AU8586,restaurants
EBZhUgUw4ETejTKYuAjurQ,Saigon Asian Restaurant,restaurants,2.8,40,43.2621392,-79.9060133,1024 King Street W,L8S 1L5,,NG3340,restaurants
VqZ-65nUrEOt2SemtHpXBg,Saigon House Restaurant,restaurants,3.8,9,43.2549095,-79.8666306,27 John Street S  L8N,,,TR8115,restaurants
TxrfCuyQThzsFUlcFqdqSw,Saint James Espresso Bar & Eatery,restaurants,4.4,62,43.26098,-79.86693,170 James Street N,L8R 2L1,,IP5596,restaurants
mBzS6WZLawlwNSoNhNk1Og,Sana Grill,restaurants,3.2,6,43.25532,-79.8641899,163 King Street East,L8N 1B1,,LR9569,restaurants
GTAJyJuT_sE0byRLTdM5sA,Sapporo Japanese Restaurant,restaurants,3.6,99,43.25429,-79.866,96 Main St E,L8N 1G3,,TW9660,restaurants
MZkXzf3Ux81Co13U9FoiVA,Seasoned,restaurants,5.0,1,43.2553874,-79.8624521,162 King William Street,L8R 3N9,,FA6763,restaurants
MA2PGnDLvzBDI6mUKZkJ6A,Secco,restaurants,4.7,3,43.252256,-79.87128,150 James Street S,L8P 3A2,,MC2062,restaurants
sjnu562ueVNwHyMDnddI0Q,Select Food Mart,restaurants,5.0,1,43.2627719057108,-79.8775859177113,300 York Boulevard,L8R 3K6,,AF0443,restaurants
LnqwpT1ncP2zjZ-V1_A8aQ,Select Sandwich,restaurants,5.0,1,43.2593175,-79.8735742,55 Bay Street N,L8R 3P7,,RX8546,restaurants
SxE08BnAeJwJEaobIEGQ7Q,Shakespeare's Steak & Seafood,restaurants,4.0,25,43.25361832675163,-79.8623944671978,181 Main Street E,L8N 1H2,,VW1217,restaurants
G68xDutqAKGuS0ugCZ2QhQ,Shanghai Chinese Food,restaurants,1.8,4,43.2289439346532,-79.80396938787979,856 Lawrence Road,L8K 2A2,,WU1524,restaurants
6ZI3Cz4_kdCHcD3FA-TbOA,Shawarma And Grill,restaurants,4.0,1,43.250243,-79.833364,1010 King Street E,L8M 1C8,,PG5762,restaurants
Vt16JqR4MzEK-E45sa1Hkg,Shawarma Club,restaurants,0.0,0,43.26143,-79.90628,1031 King St W,L8S 1L6,,DW7008,restaurants
EmaHgp6Asne9crfA1XFPzA,Shehnai Restaurant Authentic Indian Cuisine,restaurants,3.0,35,43.2593,-79.88792,447 Main Street W,L8P 1K5,,NV8967,restaurants
VrB2iGaDKkdT7mc14hWd9w,Shisha Kaif,restaurants,4.5,2,43.23934,-79.87732,592 Upper James Street Unit 1,L9C 2Z1,,RS5220,restaurants
IjgiLzO1Zavr0xarKcyuTw,Shorty's Pizza,restaurants,3.9,28,43.2485677,-79.8215868,1099 Cannon Street E,L8L 2J6,,DL1425,restaurants
duq_vDFfwNsN_xrq4FYloA,Shwarma Shwarma,restaurants,4.0,4,43.224805330486,-79.828184992075,1138 Fennell Avenue E,L8T 1S5,,TF5806,restaurants
Dfh0WL-LZt_Y9_yvvBYHvw,Sio Shokudo,restaurants,5.0,2,43.25753638789688,-79.93454377258941,1686 Main Street W Unit 2,L8S 0A2,,GM0075,restaurants
xd7_W_ZrNSxF0ORfDoVAEQ,Siri Tasty Shawarma & Pasta,restaurants,0.0,0,43.26074791060338,-79.8836745,491 King Street W,L8P 1B9,,MN3591,restaurants
oOxuBeVcfyEExUn2d_FO0A,Smoke's Poutinerie,restaurants,3.2,39,43.25854,-79.87863,112 George Street,L8P 1E3,,QN4225,restaurants
WzQx-HX5A_tpvbNmjTuyog,Social Lounge 8090,restaurants,3.1,15,43.2552358,-79.8646434,149 King Street E,L8N 1B1,,LX2932,restaurants
-yWYuvwyHhlLbt_8J0ceNA,Sourdough Pizza Company,restaurants,0.0,0,43.24058,-79.85113,586 Concession Street,L8V 1B1,,IG4390,restaurants
lhasDW0JeTEP8LWcfttPtA,Sparkle Northern Chinese Cuisine,restaurants,3.6,9,43.25518140361726,-79.86411114436348,165 East King Street,L8N 1B3,,GN6027,restaurants
XjV0R0eLX8FiUOIMB5FXFQ,Speedy Subs,restaurants,4.7,10,43.2409503,-79.8520207,562 Concession Street,L8V 1A9,,ZJ9689,restaurants
tFxlgch5raJl6kyGw3Moxw,Stacked Pancake & Breakfast House,restaurants,4.0,1,43.256565,-79.934995,1717 Main Street W,L8S 1G5,,GL6007,restaurants
Wuql3fAqVKY9fRsU5souYA,Starburst Coin Machines,amusementparks,0.0,0,43.24535,-79.83534,34 Albert Street,L8M 2X9,,KI3847,amusementparks
a24E0K2OModua7UqP2B9-w,Steve's Open Kitchen,restaurants,2.6,30,43.25238,-79.87062,149 James St S,L8P 2Z5,,FL7101,restaurants
fd5OSf950SIhLYM9VqBOcA,Stoneroads Bar & Grill,restaurants,2.5,8,43.2411372606729,-79.8525190517471,533 Concession Street,L8V 1A8,,PN0681,restaurants
AzI0Gtzjf5iWjstaNUGR-Q,Stonewalls Restaurant,restaurants,2.6,45,43.26307498367439,-79.87841622189944,339 York Boulevard,L8R 2X9,,GX6200,restaurants
AwCVQxdJ40dVrG1H5eOgig,Stop Bar,restaurants,0.0,0,43.2516899,-79.8180923,1042 Barton Street E,L8L 3E5,,EF1849,restaurants
VLOlig3W7e4Pb6dOrYdarw,Stuffed. Handcrafted Perogies,restaurants,5.0,1,43.29616413027079,-79.9812397865099,567 Highway 5 W Dundas ON,L9H 5E2,,ED8655,restaurants
zUvVnk6gXOecesijOvxboQ,Sub Master,restaurants,5.0,1,43.25776,-79.84177,554 Barton Street E,L8L 2Z3,,ZZ2803,restaurants
dIDKS0j37P58Jk97TZODyg,Subway,restaurants,2.7,3,43.2498173,-79.8081514,1275 Barton Street E Unit L7,L8H 2V4,,GI2312,restaurants
LlCnYNJXr5AJjP5kXmHWIw,Subway,restaurants,2.5,2,43.25743,-79.91877,1335 Main Street W,L8S 1C6,,DG0940,restaurants
TQMQRgQU2WHiLl9N-iyayQ,Subway,restaurants,0.0,0,43.2336991443981,-79.9100771918893,580 Mohawk Road W Unit 31,L9C 1X6,,WY3670,restaurants
-4FG3MjEfA2lOIA3EjQWDw,Sunset Grill,restaurants,3.3,13,43.2498630823942,-79.8074481636286,1299 Barton St E,L8H 2W1,,GZ0770,restaurants
TwO3xgRFKnHdVZdpQdeZZw,Sunset Sushi,restaurants,0.0,0,43.2541152,-79.8915832,256 Dundurn Street S,L8P 4K9,,SI2284,restaurants
m7SmFEI-93Bl-JODzeIXng,Sushi On Fennell,restaurants,4.0,30,43.23061,-79.84938,669 Fennell Avenue E,L8V 1V3,,YP6667,restaurants
hqNHaNUTkM_WpzMdfNBWMA,Synonym,restaurants,4.7,16,43.264596686727,-79.8653724789619,328 James Street N,L8L 1H2,,YE2253,restaurants
kB2-ZZWvtV7xESmPllib2A,Szechuan Noodle Bowl,restaurants,3.8,13,43.2558,-79.86579,117 King St E,L8N 1A9,,UZ1369,restaurants
wwdgx5JPofuPcdhhH3ZMAA,Taco Del Mar,restaurants,3.0,3,43.25743,-79.91877,1331-1335 Main St W.,L8S 1C6,,NU9151,restaurants
cXkFZlB5Ix0tOUVkut3b3Q,Tahini's,restaurants,5.0,1,43.257767,-79.925692,1554 Main Street W,L8S 1E5,,KV4323,restaurants
6SFt2-N1L7kKhQj0g-Zvcw,Tall Tree Sandwich Company,restaurants,5.0,1,43.2504992943596,-79.8334889923641,1000 King St E,L8M 1C8,,BC1398,restaurants
RXu4WFIAUdPovJZYKh-n4w,Tally Ho,restaurants,3.7,32,43.257772597069525,-79.92407840204181,1536 Main Street W,L8S 1E4,,GP2305,restaurants
LKjq2fOBlxlQaXov3S0P_g,Taste of Lagos,restaurants,4.0,1,43.25711,-79.86938,100A- 2 King Street W,L8P 1A1,,FX9848,restaurants
R6MTdIRxemyNIxsg82qjAQ,Taste of Poland,restaurants,5.0,1,43.24837,-79.82871,1145 King Street E,L8K 1C3,,XM6534,restaurants
xaHpwhgEPOTQLYiJUO0OjQ,Tatemono Sushi Bar & Restaurant,restaurants,2.8,20,43.2554253316168,-79.8648198055308,135 King Street E,L8N 1B2,,GB8338,restaurants
E_qtYG6x-SBTNZWqYWCvJg,Temmy's Kitchen,restaurants,0.0,0,43.26285,-79.87781,2-303 York Boulevard,L8R 3K5,,PI9054,restaurants
limjUYUGSKkjKM0sONKNpg,Teriyaki Experience,restaurants,3.0,2,43.2633676390028,-79.9173952639103,1280 Main Street W,L8S 4L8,,GI8363,restaurants
Wb2uSt9T0fUFCU63qg8-XQ,The Arch Noodle House,restaurants,3.3,17,43.25738,-79.9180499,1309 Main Street W,L8S 1C5,,YB0332,restaurants
U_B86KTGa847CkLyF-ysFA,The Augusta House,restaurants,2.6,21,43.2520548,-79.8704391,17 Augusta Street,L8P 3A2,,XO8688,restaurants
iQkrKVqEl0q0hM2FM92Z8Q,The Beasley House Bistro,restaurants,2.6,7,43.2582,-79.8847,96 Locke Street S,L8P 4A4,,FQ9396,restaurants
q0Z5nbNSNWeQXjF29c79Jw,The Bedrock Bistro,restaurants,3.6,61,43.23399,-79.79274,260 Queenston Road,L8K 1H1,,KD4048,restaurants
iAxN1bz9JBSG_S1naWHNuw,The Burnt Tongue,restaurants,4.2,95,43.2605786,-79.8669351,10 Cannon St E,L8L 1Z5,,AI4291,restaurants
2A4soZdW50W7_zSe00Z6oA,The Burnt Tongue,restaurants,4.5,2,43.26163,-79.90551,1019 King St W,L8S 1L1,,CJ7679,restaurants
mPtVd0wnisCUCLV7LTrdCg,The Burnt Tongue,restaurants,5.0,2,43.266261,-79.954274,11 King Street W Dundas ON,L9H 1T5,,ID2806,restaurants
uy_vkyImATNvWYzbUCOxyQ,The Burnt Tongue,restaurants,4.4,44,43.2555538,-79.8858002,182 Locke Street S,L8P 4B3,,TM4400,restaurants
yrSL92jrSTngvxSuXBDLdQ,The Cat 'N' Fiddle,restaurants,3.8,17,43.25145,-79.86857,174 John Street S,L8N 2C6,,PN4038,restaurants
QxS4QcwVTMrrGpqaqn0WEQ,The Cellar,restaurants,2.7,3,43.2385171943816,-79.8866507783532,Mohawk College Lower Level G-wing,L9C 1E9,,QI8199,restaurants
dxsrhzpSxY9wDGbZxhIjHQ,The Coop,restaurants,3.7,44,43.2591337,-79.8774391,274-274 King Street W,L8P 1J6,,IE3717,restaurants
CWZdd6SlvM9BS0XwnXYr3Q,The Corktown Pub,restaurants,4.3,4,43.2498,-79.86433,175 Young St,L8N 1V7,,WW6779,restaurants
c0Yngq4HAiQ8dW8963-YFA,The Dirty South,restaurants,4.0,4,43.2404,-79.85076,590 Concession Street,L8V 2W5,,PQ0428,restaurants
yUmEBt_NayUxGhKBnH094Q,The End Zone Bar & Grill,restaurants,2.1,15,43.2414193674455,-79.81417607452514,1305 Main Street E,L8K 1B3,,UA1292,restaurants
TwGNm6EZYofrhW9MBSbePg,The Express Italian Eatery,restaurants,3.5,19,43.2617268,-79.9065688,1034 King Street West,L8S 1L8,,DA5849,restaurants
BSDejNjRUruXQxRA--9DUA,The Famous Owl Of Minerva,restaurants,3.8,30,43.25249,-79.85759,309 Main Street E,L8N 1H8,,NQ7339,restaurants
bHecMQ85o3ayw1t9hRA90g,The French,restaurants,4.2,108,43.25741,-79.86748,37 King William Street,L8R 1A1,,ZT4859,restaurants
sNK5Y6JCT5alpLyvjDPceA,The George Hamilton,restaurants,3.6,24,43.2582505,-79.8737136,152 King Street W,L8P 1A6,,LP1613,restaurants
84QYuracPrsELQ1El1CZPg,The Gown & Gavel,restaurants,2.8,18,43.2584,-79.87785,24 Hess Street S,L8P 3M8,,KC6208,restaurants
aVu_dVkzpbJiaIZJwJVDDA,The Greek House Restaurant,restaurants,0.0,0,43.25727,-79.83824,629 Barton Street E,L8L 3A1,,OA6649,restaurants
yjdOhjBhgiq8xR4uT2oguw,The Hamilton Toy Museum,museums,0.0,0,43.2421989,-79.8172073,1231 Main Street E,L8K 1A5,,RF6647,museums
kaoPyoYyyaUJhreSDQfycg,The Hearty Hooligan,restaurants,4.8,5,43.2502413562309,-79.8164660856128,292 Ottawa Street N,L8H 3Z9,,KS1543,restaurants
TfdgiKMbP54FqOKI_3khog,The Honest Lawyer,restaurants,1.7,55,43.257557,-79.871411,110 King Street Unit 226-228,L8P 4S6,,KX9951,restaurants
4msY-ljhNX2vMig1gclzGA,The Indian Connection Pizza,restaurants,5.0,3,43.2518983,-79.81892479999999,1022 Barton Street E,L8L 3E4,,VG9138,restaurants
K72YxbZbLnvfd9PFH10BCw,The Italian Valley Restaurant,restaurants,0.0,0,43.26585,-79.95422,2 King Street W Dundas ON,L9H 6Z1,,UZ4595,restaurants
OMTa-RAQeVfCGuSKzRN5kQ,The Lighthouse Fish and Chips,restaurants,3.3,10,43.2525237,-79.9392691,1831 Main Street W,L8S 1H6,,MH0199,restaurants
SoCiw6cZIomP3DQtKx_Mkw,The Little Grasshopper Cafe,restaurants,3.5,4,43.26381,-79.86412,37 Barton Street E,L8L 2V7,,FR1336,restaurants
dsmq7uySnhu4MkaVYNvLcQ,The Lockesmith,restaurants,0.0,0,43.25682649305234,-79.88486203312334,137 Locke Street South  L8P,,,TV3171,restaurants
b5dad9zqYR-WxUdeWEbIGg,The Mighty Cob,restaurants,5.0,1,43.6683144,-79.6827608,1107 Derry Road East Mississauga ON,L5T 1P3,,AU6390,restaurants
h2mI1wBIK1PyaNupaL58gw,The Mule,restaurants,3.9,191,43.25726,-79.86713,41 King William Street,L8R 1A2,,ZD5753,restaurants
GzL3w4gqMQdhXC8ycXgrBA,The Parm House,restaurants,3.6,5,43.24855,-79.80613,272 Kenilworth Avenue N,L8H 4S9,,PO8558,restaurants
0ml0G1-C11SzghAuiXcavg,The Pheasant Plucker,restaurants,2.6,27,43.2517799,-79.8703,20 Augusta Street,L8N 1P7,,PL2255,restaurants
c544C_J-M3A30TPeOYXPjg,The Phoenix Bar & Grill,restaurants,3.9,20,43.2627741179557,-79.9211375312163,1280 Main Street W,L8S 4K1,,BV5270,restaurants
0qUmAeIZeauKPiwywOeT5A,The Red Door Cucina,restaurants,5.0,3,43.2669089905022,-79.9544511989848,21 King Street W Dundas ON,L9H 1T5,,FJ6260,restaurants
9oIPWjU3DvtSdORv6I2toQ,The Ship,restaurants,4.2,225,43.25215,-79.87,23 Augusta Street,L8N 1P6,,FD6983,restaurants
Yp02l24CkehhvO-B1a5J_A,The Shuck Truck,restaurants,5.0,1,43.255527,-79.885415,175 Locke Street S,L8P 4B2,,BN0465,restaurants
0Wnjw3NBomRUvnjNXYmrHw,The Taco Station,restaurants,2.8,6,43.24752,-79.82975,,L8M 3C3,,SJ1226,restaurants
rYfVscZBZb_RBlZG23S1Ew,The Valley Charcoal,restaurants,3.1,10,43.266188404941,-79.955705864809,44 King Street W Dundas ON,L9H 1T7,,LU0710,restaurants
zH1IGA8_naVKv4WDqvSOIg,The West Town Bar & Grill,restaurants,3.2,50,43.25456,-79.88633,214 Locke Street S,L8P 4B4,,IH9854,restaurants
kWKL6vtrdWupRhCfBaMlaA,Thirsty Cactus Cantina & Grill,restaurants,3.3,52,43.26592,-79.95353,2 King Street E Dundas ON,L9H 1B8,,XB4023,restaurants
WQKqB-2XCNSnvakv28Ui_Q,Tim Horton,restaurants,2.0,8,43.26274,-79.95276,86 94 Main Street Dundas ON,L9H 2R1,,VZ8792,restaurants
bM7FjXFfwF7L7WOhR5owoQ,Tim Horton's,restaurants,1.8,4,43.25498,-79.82937,799 Barton Street E,L8L 3B2,,AT3462,restaurants
EWnFjEt7NXPEK9NxxPQ1lw,Tim Hortons,restaurants,1.5,2,43.2503148,-79.810383,1227 Barton Street E,L8H 2V4,,DI5350,restaurants
wNHa-Hze5WuGQjFG9aqdFw,Tomah,restaurants,5.0,12,43.25546,-79.88064,132 Queen Street S,L8P 3S2,,NK1275,restaurants
p4jSBvLloQKcPvIacwOLWg,Tony G’s Pizzeria,restaurants,5.0,4,43.25666142057813,-79.86604870000001,30 John Street N,L8R 1G9,,EC2487,restaurants
VGnnZZMgUNn375MG4z6J2Q,Tony Shawarma,restaurants,0.0,0,43.2660179,-79.9523392,27 King St E Dundas ON,L9H 2P7,,KB5611,restaurants
cjF3Osd43HYxbZ9HXvduHQ,Topper's Pizza,restaurants,0.0,0,43.25824,-79.85759,161 Wellington Street N,L8L 2A9,,LP0585,restaurants
RoVcgv-Nb0E4SDJ7c0kmSQ,Tower of Pizza,restaurants,0.0,0,43.25145,-79.83554,971 King Street E,L8M 1C3,,TP3816,restaurants
ynYt7WREXwPYblsckroh3A,Tracie's Place Restaurant & Karaoke,restaurants,3.7,12,43.239341,-79.877318,592 Upper James Street,L9C 2Y8,,CY2167,restaurants
4rpnU-yebL3V8MD4OAxdDQ,Traphouse Burgerz,restaurants,0.0,0,43.25278,-79.85279,535 King Street E,L8N 1E3,,BD4792,restaurants
HZuwg2fwQpyhyIkjOhmFKw,Twist Breakfast,restaurants,1.0,2,43.25943,-79.87807,298 King St W,L8P 1B1,,HL5322,restaurants
huunkQ59e1TOVLS7_TaHpg,Two Cougars & A Cafe,restaurants,3.4,9,43.26729,-79.83713,601 Burlington Street E,L8L 4J5,,GH7755,restaurants
e_xK4R4bjrBU932i3cdL8A,Valentino's Restaurant,restaurants,2.6,19,43.2627398,-79.8993743,824 King Street W,L8S 1K4,,ND6925,restaurants
npIHVJY0RcBIk-6z_vVHOA,Venice Beach Pizza,restaurants,2.2,6,43.23422,-79.9209,770 Mohawk Road W  L9C,,,OX7889,restaurants
uwjrIHkqPC3qyR98g_k1uA,Venturas Signatur Restaurant,restaurants,4.5,2,43.26114,-79.8669,176 James Street N,L8R 2L1,,OD4503,restaurants
sUN7vM6bEOXJ_q-W5tGbQw,Verlan,restaurants,5.0,1,43.2606812,-79.8525861,304 Barton Street E,L8L 2X5,,BZ5170,restaurants
MjSGD6_U9vC6UTVvtzcElg,Victoria’s Restaurant,restaurants,4.0,6,43.26092688699526,-79.88324135551149,470 Main Street W,L8P 1B7,,UJ3226,restaurants
4QHM1lGCS-qRazoQnRKNgQ,Vida La Pita,restaurants,2.6,24,43.258400888343466,-79.87609164115581,217 King Street W,L8P 1A7,,AV3582,restaurants
xuwuH7NjwuVkY9xcprzxrg,Vip Restaurant,restaurants,3.3,3,43.25985,-79.89674,649 Main Street W,L8S 1A2,,KR4253,restaurants
vtereGYKgrODRema-4PdMg,Wanda's Caribbean Kitchen,restaurants,5.0,2,43.246065691775165,-79.7942629,1610 Barton St E,L8H 2Y2,,VG7428,restaurants
8m9Jp5QrzftcdOrhp1B2kg,Wei Xiang Yuan,restaurants,2.0,1,43.258454374205336,-79.90971576422453,1088 Main Street W,L8S 1B3,,OP1711,restaurants
pffsBHzkyzsTUJAUm0RrSQ,West City Chinese Food,restaurants,0.0,0,43.23312,-79.92303,801 Mohawk Road W,L9C 6C2,,OO2379,restaurants
UOxwwYeyPTSAw7qD_uFufw,West End Diner,restaurants,3.7,68,43.25276,-79.93857,1811 Main Street W,L8S 1H1,,ZO0608,restaurants
No458lUYFA8ecLjw_GEGRQ,West Garden Chinese Food,restaurants,1.0,2,43.2479858,-79.9428787,1960 Main Street W,L8S 1J5,,IG4966,restaurants
n_HtICSeXbfgkGyhklGO0Q,West Harbour Variety,restaurants,0.0,0,43.26522,-79.86962,240 Bay Street N,L8L 1M3,,RR9664,restaurants
QF0MIKpLHX4xAWf6mYXRrA,Westdale Delicatessen,restaurants,5.0,2,43.26297,-79.90145,893 King Street W,L8S 1K5,,RF9498,restaurants
73DNySUKaCy92CxFFQrQzQ,Weston Pizza and Wings,restaurants,2.4,7,43.2721,-79.86212,574 James Street N,L8L 1J7,,AL3416,restaurants
oO0rlvPvuPPvAl0Zw1f5FA,Whitehern Historic House & Garden,museums,5.0,1,43.2547799,-79.87195,41 Jackson Street W,L8P 1L3,,BH3521,museums
WZy6T1GoC_IphM9d4oZh-w,Wild Orchid,restaurants,2.7,22,43.26352,-79.86564,286 James St N,L8R 2L3,,DY8970,restaurants
kDSus3FbIbKvLJdC5t261Q,Wildcat,restaurants,4.0,1,43.26036882056457,-79.85036727116393,353 Barton Street E,L8L 2X8,,LP1714,restaurants
TGXKszhNNure3bHQCbbTJA,Williams Fresh Cafe,restaurants,5.0,1,43.2622445,-79.9202861,1280 Main Street W FL 2,L8S 4K1,,CO0607,restaurants
ZnDcWEpGFTwMqmXhpCa6fQ,Williams Fresh Cafe,restaurants,2.7,22,43.25758653970991,-79.9179618,1309 Main Street W Unit A-2,L8S 1C5,,GU7720,restaurants
iIpLGj-seyOgfOEtJMZlhQ,Williams Fresh Cafe,restaurants,2.7,43,43.2764873,-79.860838,47 Discovery Drive,L8L 8K4,,XX1002,restaurants
eCAFJS1jmI7Hh0yBBep_Mg,WingPorium,restaurants,5.0,1,43.25588786385461,-79.8331318150524,737 Barton Street E,L8L 3A9,,RZ8475,restaurants
AkNFdQHz_nAoWfq235bZFQ,Wingtastic Wingz ,restaurants,0.0,0,43.2407214,-79.8104972,1385 Main Street E,L8K 1B9,,YY1123,restaurants
riEnktVP_tCF-sZaOnL2fw,Wood Fired Hot Box Pizza,restaurants,0.0,0,43.26693726,-79.83728027,,L8L 4J5,,MN1858,restaurants
bAlt353LtZW0H4ZcKVMMGQ,Workers Arts & Heritage Centre,museums,0.0,0,43.26627,-79.86739,51 Stuart Street,L8L 1B5,,GB8335,museums
0yRPYmteqC0bFQlcM-Tzgg,Wow Pop,restaurants,0.0,0,43.23861625853712,-79.843734,760 Concession St,L8V 1C7,,IX7790,restaurants
Eho6qlyxoKjxLl6k1FJKBA,XXX Burrito,restaurants,3.4,16,43.22892,-79.8042089,856 Lawrence Road,L8K 2A2,,QV0657,restaurants
dStxAm_cBxyBSXeoUCRxZg,Ye Old Squire,restaurants,2.7,3,43.25415635113879,-79.88594719466658,225 Locke Street S,L8P 4B6,,GU1533,restaurants
H0DHutcwupNAN68zw42IVQ,Ye Olde Squire - Fennell,restaurants,2.7,6,43.23191,-79.8564899,550 Fennell Avenue E,L8V 4S9,,KC7007,restaurants
CxcqEBtCSpsgXF9BKCCt9g,Yum Yum Take-Out,restaurants,0.0,0,43.26059,-79.88331,473 King Street W,L8P 1B8,,PC3509,restaurants
PWWQBzHvhdqCERhCbfnsqg,Zarky's Fine Foods On Dundurn,restaurants,4.0,1,43.25403,-79.89176,264 Dundurn Street S,L8P 4K9,,XS6046,restaurants
jMWvI4i2m67QXoYQTia9pw,Zeebest Foods,restaurants,0.0,0,43.24741,-79.83967,756 Main Street E,L8M 1L1,,BY0378,restaurants
gI8lk0ROJVTR4f8BUVZClQ,sams tavern,restaurants,0.0,0,43.2568016,-79.8381882,632 Barton Street E,L8L 2Z9,,YM8287,restaurants
